series_name,model_name,model_family,test_mae,test_rmse,test_smape,rolling_mean_mae,rolling_mean_rmse,num_free_params,num_compartments,artifact_dir,numerical_failure_flag,max_abs_test_prediction,max_abs_full_prediction,train_success,train_plus_validation_success,full_success,discovery_structure_name,discovery_fractional,discovery_observation_map,discovery_delay_weeks
0-4 yr,arima_auto_small,forecast_baseline,0.08181818181818182,0.0904534033733291,1.151515052525262,0.1416666666666667,0.19029218863630737,0,0,robustness\0_4_yr\arima_auto_small,False,0.1,7.4,True,True,True,,,,
0-4 yr,last_observed,forecast_baseline,0.08181818181818182,0.0904534033733291,1.151515052525262,0.1416666666666667,0.19029218863630737,0,0,robustness\0_4_yr\last_observed,False,0.1,7.4,True,True,True,,,,
0-4 yr,constrained_structure_discovery,structure_discovery,0.0884963717287904,0.10590567954205764,1.5763963200046192,0.10020023537918905,0.1231910410485248,10,4,robustness\0_4_yr\constrained_structure_discovery,False,0.05377176443195738,7.152603075983243,True,True,True,SEIRS,True,delayed_I,1.0
0-4 yr,random_structure_discovery,structure_discovery_ablation,0.08849669759239785,0.10590786332542108,1.5764392635616582,0.10068733585942653,0.12450739058997085,10,4,robustness\0_4_yr\random_structure_discovery,False,0.05376433720767049,7.152377340439171,True,True,True,SEIRS,True,delayed_I,1.0
0-4 yr,validation_only_structure_selection,structure_discovery_ablation,0.0884973970395101,0.10591221145882249,1.5765248541605708,0.11241302839103995,0.15310182058355107,10,4,robustness\0_4_yr\validation_only_structure_selection,False,0.053749903300308204,7.152600570285034,True,True,True,SEIRS,True,delayed_I,1.0
0-4 yr,no_observation_search_discovery,structure_discovery_ablation,0.09111812263446906,0.1265325006090392,1.9699622659706733,0.1575152537203454,0.25016193078497106,9,4,robustness\0_4_yr\no_observation_search_discovery,False,0.008577957116132203,7.134304386913813,True,True,True,SEIRS,False,I,0.0
0-4 yr,exhaustive_structure_discovery,structure_discovery_ablation,0.09111812295487408,0.1265324601624957,1.9699614002270898,0.11408952031427631,0.14812853660823902,9,4,robustness\0_4_yr\exhaustive_structure_discovery,False,0.008578118465279169,7.134294966547863,True,True,True,SEIRS,False,I,0.0
0-4 yr,no_stability_discovery,structure_discovery_ablation,0.09112954151723297,0.12605628438062985,1.9598906866014558,0.11871217613519114,0.1577346193292575,9,4,robustness\0_4_yr\no_stability_discovery,False,0.010522936417749661,7.09564287242669,True,True,True,SEIRS,False,delayed_I,2.0
0-4 yr,rolling_mean_2wk,forecast_baseline,0.09545454545454547,0.10766108438479102,1.0857142192306783,0.13411375661375663,0.19326071839755724,0,0,robustness\0_4_yr\rolling_mean_2wk,False,0.15000000000000002,7.300000000000001,True,True,True,,,,
0-4 yr,equal_weight_point_ensemble,point_ensemble,0.09808547803544596,0.10997648893681032,1.1104913793205446,0.15049690198754598,0.20724766372971293,0,0,robustness\0_4_yr\equal_weight_point_ensemble,False,0.18354050150282653,6.524954156772757,True,True,True,,,,
0-4 yr,lagged_gradient_boosting,forecast_baseline,0.10227272727272728,0.12316839913490209,1.0567492544474766,0.17943783068783073,0.26943492065881086,0,0,robustness\0_4_yr\lagged_gradient_boosting,False,0.17500000000000002,6.7250000000000005,True,True,True,,,,
0-4 yr,lagged_ridge,forecast_baseline,0.10227272727272728,0.12316839913490209,1.0567492544474766,0.17943783068783073,0.26943492065881086,0,0,robustness\0_4_yr\lagged_ridge,False,0.17500000000000002,6.7250000000000005,True,True,True,,,,
0-4 yr,rolling_mean_4wk,forecast_baseline,0.10227272727272728,0.12316839913490209,1.0567492544474766,0.17943783068783073,0.26943492065881086,0,0,robustness\0_4_yr\rolling_mean_4wk,False,0.17500000000000002,6.7250000000000005,True,True,True,,,,
0-4 yr,probabilistic_seir,epidemic_model,0.10501997013668732,0.12149191055054655,1.1773064527913355,0.18848469518413594,0.2391139539660226,9,4,robustness\0_4_yr\probabilistic_seir,False,0.24059392286198825,7.487426985982202,True,True,True,,,,
0-4 yr,hospitalized_seihr,epidemic_model,0.11745374624219783,0.13518179266506533,1.173713205039694,0.21172383184233715,0.26430742213819436,11,5,robustness\0_4_yr\hospitalized_seihr,True,0.27287212248785786,7.5282269033061855,True,False,True,,,,
0-4 yr,deterministic_seir,epidemic_model,0.11785092053390413,0.1356582376117325,1.1734914372850815,0.2134826030141098,0.26601067918243126,8,4,robustness\0_4_yr\deterministic_seir,False,0.2738700835045169,7.56705864900585,True,True,True,,,,
0-4 yr,delayed_observation_seir,epidemic_model,0.11785515970021967,0.13566334740134797,1.1734902069746882,0.22110460933561174,0.2868754067482682,8,4,robustness\0_4_yr\delayed_observation_seir,False,0.27388119661625443,7.566123478354333,True,True,True,,,,
0-4 yr,fractional_seir,epidemic_model,0.1431439783413979,0.17426178625658387,1.1058064304994955,0.2178698705056177,0.2581046512218079,9,4,robustness\0_4_yr\fractional_seir,False,0.30182854911637474,7.646254337949593,True,True,True,,,,
18-49 yr,arima_auto_small,forecast_baseline,0.009090909090909092,0.030151134457776365,0.18181816363636547,0.030449735449735452,0.05510589129431801,0,0,robustness\18_49_yr\arima_auto_small,False,0.0,4.3,True,True,True,,,,
18-49 yr,last_observed,forecast_baseline,0.009090909090909092,0.030151134457776365,0.18181816363636547,0.030449735449735452,0.05510589129431801,0,0,robustness\18_49_yr\last_observed,False,0.0,4.3,True,True,True,,,,
18-49 yr,validation_only_structure_selection,structure_discovery_ablation,0.015232237591090948,0.02783766466436298,1.9628446825463621,0.03918505758633375,0.06787463793510072,10,4,robustness\18_49_yr\validation_only_structure_selection,False,0.013407327011483021,3.3645025932580856,True,True,True,SEIRS,True,I,0.0
18-49 yr,equal_weight_point_ensemble,point_ensemble,0.039745240781354385,0.04038761563884065,1.8806974621650043,0.05367255148164596,0.07301482336423874,0,0,robustness\18_49_yr\equal_weight_point_ensemble,False,0.05244338049835981,3.3840829412580424,True,True,True,,,,
18-49 yr,hospitalized_seihr,epidemic_model,0.04465548135688557,0.048593049045009676,1.8424805023162707,0.07463229700871633,0.09298728677513272,11,5,robustness\18_49_yr\hospitalized_seihr,True,0.08697487705049992,3.722823925141193,True,False,True,,,,
18-49 yr,delayed_observation_seir,epidemic_model,0.04481853725173071,0.0487866222727623,1.8421170809964225,0.07282722528495274,0.09019993317630896,8,4,robustness\18_49_yr\delayed_observation_seir,False,0.08731798489917011,3.7009530792047474,True,True,True,,,,
18-49 yr,deterministic_seir,epidemic_model,0.04484694525872815,0.048815902643451474,1.842075890696701,0.0734867207115275,0.09114992392477818,8,4,robustness\18_49_yr\deterministic_seir,True,0.08735063018972912,3.6994071101458816,False,True,True,,,,
18-49 yr,probabilistic_seir,epidemic_model,0.04668927708909911,0.05097802558704968,1.8382726198032253,0.08083561807046695,0.10260349306389656,9,4,robustness\18_49_yr\probabilistic_seir,False,0.0909544561109448,3.626054312094314,True,True,True,,,,
18-49 yr,no_stability_discovery,structure_discovery_ablation,0.04801701267792318,0.05258531288059663,1.8354926739639226,0.07874091969359921,0.096884502264673,6,3,robustness\18_49_yr\no_stability_discovery,False,0.09371691195917624,3.4399801987105856,True,True,True,SIR,False,I,0.0
18-49 yr,exhaustive_structure_discovery,structure_discovery_ablation,0.04801732690337539,0.052585694246185526,1.8354920296988226,0.07874182023361592,0.09688698422067432,6,3,robustness\18_49_yr\exhaustive_structure_discovery,False,0.09371755979570713,3.439982577669207,True,True,True,SIR,False,I,0.0
18-49 yr,no_observation_search_discovery,structure_discovery_ablation,0.048017473073821544,0.052585872032458535,1.8354917283166978,0.07874227640733893,0.09688597043172198,6,3,robustness\18_49_yr\no_observation_search_discovery,False,0.09371786336428278,3.4399066384043477,True,True,True,SIR,False,I,0.0
18-49 yr,constrained_structure_discovery,structure_discovery,0.04801753450954161,0.05258594545856019,1.835491607352703,0.07874294352471733,0.09688743815481414,6,3,robustness\18_49_yr\constrained_structure_discovery,False,0.09371798347512347,3.4400037820410074,True,True,True,SIR,False,I,0.0
18-49 yr,random_structure_discovery,structure_discovery_ablation,0.0485998952509874,0.05328926195150204,1.8343264192162791,0.07984239836547968,0.0980991450918479,6,3,robustness\18_49_yr\random_structure_discovery,False,0.0948899168603707,3.4124492590242688,True,True,True,SIR,False,delayed_I,2.0
18-49 yr,rolling_mean_2wk,forecast_baseline,0.05,0.05000000000000001,1.8787875111111842,0.036626984126984126,0.057183646998260534,0,0,robustness\18_49_yr\rolling_mean_2wk,False,0.05,3.8,True,True,True,,,,
18-49 yr,lagged_gradient_boosting,forecast_baseline,0.05,0.05000000000000001,1.8787875111111842,0.05339285714285714,0.08423130273292086,0,0,robustness\18_49_yr\lagged_gradient_boosting,False,0.05,3.275,True,True,True,,,,
18-49 yr,lagged_ridge,forecast_baseline,0.05,0.05000000000000001,1.8787875111111842,0.05339285714285714,0.08423130273292086,0,0,robustness\18_49_yr\lagged_ridge,False,0.05,3.275,True,True,True,,,,
18-49 yr,rolling_mean_4wk,forecast_baseline,0.05,0.05000000000000001,1.8787875111111842,0.05339285714285714,0.08423130273292086,0,0,robustness\18_49_yr\rolling_mean_4wk,False,0.05,3.275,True,True,True,,,,
18-49 yr,fractional_seir,epidemic_model,0.07863093859270323,0.08290034167928312,1.8258492212466761,0.09960512815252488,0.11774136049792665,9,4,robustness\18_49_yr\fractional_seir,True,0.11657864579675448,4.17463068702354,False,True,True,,,,
5-17 yr,rolling_mean_2wk,forecast_baseline,0.0,0.0,0.0,0.035925925925925924,0.05829705693322273,0,0,robustness\5_17_yr\rolling_mean_2wk,False,0.0,2.45,True,True,True,,,,
5-17 yr,arima_auto_small,forecast_baseline,0.0,0.0,0.0,0.037592592592592594,0.06382791097020765,0,0,robustness\5_17_yr\arima_auto_small,False,0.0,2.7,True,True,True,,,,
5-17 yr,last_observed,forecast_baseline,0.0,0.0,0.0,0.037592592592592594,0.06382791097020765,0,0,robustness\5_17_yr\last_observed,False,0.0,2.7,True,True,True,,,,
5-17 yr,constrained_structure_discovery,structure_discovery,0.004372426111388172,0.005241133069680671,1.9999935955726842,0.05001541845262166,0.0974992753148214,9,4,robustness\5_17_yr\constrained_structure_discovery,False,0.011135704387539748,1.9198663465648766,True,True,True,SEIRS,False,delayed_I,1.0
5-17 yr,validation_only_structure_selection,structure_discovery_ablation,0.004376758961684366,0.005245819546954716,1.9999936032854584,0.04834691570114169,0.08822354746432877,9,4,robustness\5_17_yr\validation_only_structure_selection,False,0.011144373077806502,1.9197776832881177,True,True,True,SEIRS,False,delayed_I,1.0
5-17 yr,random_structure_discovery,structure_discovery_ablation,0.007429560782612271,0.00832387161817115,1.9999967374392198,0.050419674649055356,0.08329994356560991,9,4,robustness\5_17_yr\random_structure_discovery,False,0.016196308254314732,1.9307169260396162,True,True,True,SEIRS,False,delayed_I,2.0
5-17 yr,no_stability_discovery,structure_discovery_ablation,0.011005673529623271,0.011312383399109874,1.999998097389468,0.03531906153742237,0.06493864345711846,10,4,robustness\5_17_yr\no_stability_discovery,False,0.01717152700041828,1.9073161404367278,True,True,True,SEIRS,True,I,0.0
5-17 yr,exhaustive_structure_discovery,structure_discovery_ablation,0.011012400943136321,0.011319013284119965,1.9999980986285713,0.04481836646153752,0.09858070133080273,10,4,robustness\5_17_yr\exhaustive_structure_discovery,False,0.01717915774349962,1.907290929279945,True,True,True,SEIRS,True,I,0.0
5-17 yr,equal_weight_point_ensemble,point_ensemble,0.022109720866553356,0.0230475604874368,1.999999021348836,0.047150889716503795,0.06804755818957685,0,0,robustness\5_17_yr\equal_weight_point_ensemble,False,0.03527479913218278,2.0867897391020325,True,True,True,,,,
5-17 yr,lagged_gradient_boosting,forecast_baseline,0.025,0.025000000000000005,1.9999992000003202,0.04054232804232804,0.06379516631884431,0,0,robustness\5_17_yr\lagged_gradient_boosting,False,0.025,2.1,True,True,True,,,,
5-17 yr,lagged_ridge,forecast_baseline,0.025,0.025000000000000005,1.9999992000003202,0.04054232804232804,0.06379516631884431,0,0,robustness\5_17_yr\lagged_ridge,False,0.025,2.1,True,True,True,,,,
5-17 yr,rolling_mean_4wk,forecast_baseline,0.025,0.025000000000000005,1.9999992000003202,0.04054232804232804,0.06379516631884431,0,0,robustness\5_17_yr\rolling_mean_4wk,False,0.025,2.1,True,True,True,,,,
5-17 yr,hospitalized_seihr,epidemic_model,0.025244073354354704,0.029159508060551995,1.999998873894812,0.05388877013976375,0.07410318895535535,11,5,robustness\5_17_yr\hospitalized_seihr,False,0.05449924440041841,2.0981199301715074,True,True,True,,,,
5-17 yr,probabilistic_seir,epidemic_model,0.033699231131592226,0.033884135299400125,1.9999994002939325,0.042907507254991144,0.05528993204041635,9,4,robustness\5_17_yr\probabilistic_seir,False,0.0404864150728179,1.9777351815135025,True,True,True,,,,
5-17 yr,delayed_observation_seir,epidemic_model,0.04221273732215547,0.04675495132456734,1.999999401107472,0.08058691056506656,0.10172130065530144,8,4,robustness\5_17_yr\delayed_observation_seir,False,0.08104613422566337,2.1529237086120885,True,True,True,,,,
5-17 yr,fractional_seir,epidemic_model,0.04231198045612031,0.046858806938437664,1.9999994027134802,0.08081071211423513,0.10193608327369486,9,4,robustness\5_17_yr\fractional_seir,False,0.08120419468485324,2.1523388033323667,True,True,True,,,,
5-17 yr,deterministic_seir,epidemic_model,0.042476202023029645,0.04703031389623443,1.9999994053637862,0.07990937550410653,0.10152622124613891,8,4,robustness\5_17_yr\deterministic_seir,False,0.08146389330440199,2.152047923785173,True,True,True,,,,
5-17 yr,no_observation_search_discovery,structure_discovery_ablation,0.053425337892986736,0.05777526975970034,1.9999995551427516,0.10188851057023668,0.12729904542245882,6,3,robustness\5_17_yr\no_observation_search_discovery,False,0.09509023703716103,2.06515868401417,True,True,True,SIR,False,I,0.0
50-64 yr,validation_only_structure_selection,structure_discovery_ablation,0.03212085596758132,0.03767725972705148,0.6099124468675018,0.08313335442295422,0.09781481186311353,10,4,robustness\50_64_yr\validation_only_structure_selection,False,0.100407787669058,10.447917025066792,True,True,True,SEIRS,True,I,0.0
50-64 yr,no_observation_search_discovery,structure_discovery_ablation,0.03700940646387867,0.04247950086829428,0.7289725797926888,0.055719461024913125,0.08742791132804249,8,4,robustness\50_64_yr\no_observation_search_discovery,False,0.13379246251219953,10.081516999491862,True,True,True,SEIR,False,I,0.0
50-64 yr,exhaustive_structure_discovery,structure_discovery_ablation,0.03716067956593738,0.04258430615513873,0.7349211582732568,0.054042216648308605,0.07979840406445919,6,3,robustness\50_64_yr\exhaustive_structure_discovery,False,0.13225793444551254,10.223141925055623,True,True,True,SIR,False,I,0.0
50-64 yr,no_stability_discovery,structure_discovery_ablation,0.037160680396823326,0.04258430672269416,0.7349211956369112,0.054042754528754094,0.0797993770680301,6,3,robustness\50_64_yr\no_stability_discovery,False,0.13225792276511447,10.223140104164155,True,True,True,SIR,False,I,0.0
50-64 yr,random_structure_discovery,structure_discovery_ablation,0.03716068424392766,0.042584309601947215,0.7349213522707618,0.05404269259288335,0.07979835668186784,6,3,robustness\50_64_yr\random_structure_discovery,False,0.13225788040578176,10.22314218383351,True,True,True,SIR,False,I,0.0
50-64 yr,constrained_structure_discovery,structure_discovery,0.03716071590324784,0.04258433382717988,0.7349226067605028,0.05404265385993869,0.07979852252427398,6,3,robustness\50_64_yr\constrained_structure_discovery,False,0.13225755653667282,10.22315080926283,True,True,True,SIR,False,I,0.0
50-64 yr,hospitalized_seihr,epidemic_model,0.037226253642023754,0.04263565827473711,0.7376054553854885,0.06350951252036469,0.12389813937863516,11,5,robustness\50_64_yr\hospitalized_seihr,True,0.13152953070471948,10.217804006639426,False,True,True,,,,
50-64 yr,probabilistic_seir,epidemic_model,0.03780529362965319,0.0431150989019572,0.6842716814261496,0.08256929885434555,0.17556822078220516,9,4,robustness\50_64_yr\probabilistic_seir,False,0.15308275346055203,10.168078144629503,True,True,True,,,,
50-64 yr,delayed_observation_seir,epidemic_model,0.03795986064589478,0.04350186165967403,0.767186917993604,0.05277499821934543,0.07871803766502912,8,4,robustness\50_64_yr\delayed_observation_seir,False,0.12421510563786187,10.36537692556106,True,True,True,,,,
50-64 yr,deterministic_seir,epidemic_model,0.03803641800022146,0.04362161082280792,0.7703903587066964,0.05640491179603261,0.09047998270897452,8,4,robustness\50_64_yr\deterministic_seir,False,0.12342557580025196,10.363749597986724,True,True,True,,,,
50-64 yr,equal_weight_point_ensemble,point_ensemble,0.07382438116607834,0.08221527312229844,0.7271077889149165,0.06893848063745729,0.11193334751724283,0,0,robustness\50_64_yr\equal_weight_point_ensemble,False,0.18079809914353379,9.031980149122294,True,True,True,,,,
50-64 yr,fractional_seir,epidemic_model,0.09968796664101695,0.10784845584165192,0.8448720100506598,0.12509570504183823,0.16223543808243648,9,4,robustness\50_64_yr\fractional_seir,True,0.24295679566051875,10.989365552910261,False,True,True,,,,
50-64 yr,arima_auto_small,forecast_baseline,0.11818181818181818,0.12431631210161223,0.9090908727272743,0.06126984126984128,0.0845024570383333,0,0,robustness\50_64_yr\arima_auto_small,False,0.2,11.4,True,True,True,,,,
50-64 yr,last_observed,forecast_baseline,0.11818181818181818,0.12431631210161223,0.9090908727272743,0.06126984126984128,0.0845024570383333,0,0,robustness\50_64_yr\last_observed,False,0.2,11.4,True,True,True,,,,
50-64 yr,rolling_mean_2wk,forecast_baseline,0.11818181818181818,0.12431631210161223,0.9090908727272743,0.06822751322751323,0.09708739506811505,0,0,robustness\50_64_yr\rolling_mean_2wk,False,0.2,10.350000000000001,True,True,True,,,,
50-64 yr,lagged_gradient_boosting,forecast_baseline,0.14318181818181816,0.14828565798362414,0.993006957480128,0.10876984126984128,0.18428682107196037,0,0,robustness\50_64_yr\lagged_gradient_boosting,False,0.22499999999999998,9.225,True,True,True,,,,
50-64 yr,lagged_ridge,forecast_baseline,0.14318181818181816,0.14828565798362414,0.993006957480128,0.10876984126984128,0.18428682107196037,0,0,robustness\50_64_yr\lagged_ridge,False,0.22499999999999998,9.225,True,True,True,,,,
50-64 yr,rolling_mean_4wk,forecast_baseline,0.14318181818181816,0.14828565798362414,0.993006957480128,0.10876984126984128,0.18428682107196037,0,0,robustness\50_64_yr\rolling_mean_4wk,False,0.22499999999999998,9.225,True,True,True,,,,
>= 65 yr,fractional_seir,epidemic_model,0.11959681583178612,0.13760352401293877,0.5666378470580244,0.3487002538608052,0.5092668165481454,9,4,robustness\ge__65_yr\fractional_seir,False,0.4780841905608906,21.80835233962212,True,True,True,,,,
>= 65 yr,deterministic_seir,epidemic_model,0.1196878756040543,0.1378255600252902,0.5658401807656324,0.2214527261276795,0.2996291701087536,8,4,robustness\ge__65_yr\deterministic_seir,False,0.4799467423019954,21.785782664280525,True,True,True,,,,
>= 65 yr,delayed_observation_seir,epidemic_model,0.11970456641955583,0.1378861859662869,0.5655169419902876,0.22154779997016108,0.2994545616523821,8,4,robustness\ge__65_yr\delayed_observation_seir,False,0.48051652580157506,21.779520299594754,True,True,True,,,,
>= 65 yr,no_observation_search_discovery,structure_discovery_ablation,0.12017517824692643,0.14021083521239677,0.5555443582267816,0.23208492876707534,0.31673032274615365,6,3,robustness\ge__65_yr\no_observation_search_discovery,False,0.49783031210643064,21.87890391142576,True,True,True,SIR,False,I,0.0
>= 65 yr,no_stability_discovery,structure_discovery_ablation,0.12184782843297004,0.1397436279145986,0.6045766932584737,0.1992541245289968,0.32374740628268966,10,4,robustness\ge__65_yr\no_stability_discovery,False,0.261972567928441,23.96910108217534,True,True,True,SEIRS,True,I,0.0
>= 65 yr,constrained_structure_discovery,structure_discovery,0.12186566480808989,0.1397679351911928,0.6046787858283275,0.17482372836861368,0.2559703324241202,10,4,robustness\ge__65_yr\constrained_structure_discovery,True,0.26191656740581726,23.969220034114315,False,True,True,SEIRS,True,I,0.0
>= 65 yr,exhaustive_structure_discovery,structure_discovery_ablation,0.12188932845779074,0.13980112530798272,0.6048333355990688,0.16901591175058486,0.2102147546845404,10,4,robustness\ge__65_yr\exhaustive_structure_discovery,False,0.2618474140252241,23.968598322643533,True,True,True,SEIRS,True,I,0.0
>= 65 yr,validation_only_structure_selection,structure_discovery_ablation,0.12225933849260043,0.14031605659697508,0.6071474946139502,0.15766557145570956,0.1952187249433257,10,4,robustness\ge__65_yr\validation_only_structure_selection,True,0.26074280776452263,23.969859166709906,True,False,True,SEIRS,True,I,0.0
>= 65 yr,probabilistic_seir,epidemic_model,0.12458020863317974,0.14731856160379553,0.5478895625555614,0.2790092315418986,0.3916049539976645,9,4,robustness\ge__65_yr\probabilistic_seir,False,0.5312143704648588,21.25530383005519,True,True,True,,,,
>= 65 yr,hospitalized_seihr,epidemic_model,0.12952483717621566,0.15472341328505906,0.5463224001913388,0.2593269906277726,0.3346921198058523,11,5,robustness\ge__65_yr\hospitalized_seihr,True,0.5656057499653823,23.006898112173864,False,True,True,,,,
>= 65 yr,random_structure_discovery,structure_discovery_ablation,0.15184539270477482,0.17332135978211954,0.7976275759835275,0.19652529837040478,0.23389640052668473,10,4,robustness\ge__65_yr\random_structure_discovery,False,0.20087712972974614,24.104163725474695,True,True,True,SEIRS,True,delayed_I,1.0
>= 65 yr,equal_weight_point_ensemble,point_ensemble,0.18638859589092913,0.21717507728820193,0.591232485331619,0.2570531939571344,0.36872083710472636,0,0,robustness\ge__65_yr\equal_weight_point_ensemble,False,0.5444761829129321,19.36561453757126,True,True,True,,,,
>= 65 yr,rolling_mean_2wk,forecast_baseline,0.2772727272727273,0.29962097268503635,0.7363917714702083,0.22943121693121693,0.31072707139701433,0,0,robustness\ge__65_yr\rolling_mean_2wk,False,0.55,22.3,True,True,True,,,,
>= 65 yr,lagged_gradient_boosting,forecast_baseline,0.3022727272727273,0.3228952827719285,0.772221316876069,0.3226455026455026,0.4971559748166614,0,0,robustness\ge__65_yr\lagged_gradient_boosting,False,0.5750000000000001,19.2,True,True,True,,,,
>= 65 yr,lagged_ridge,forecast_baseline,0.3022727272727273,0.3228952827719285,0.772221316876069,0.3226455026455026,0.4971559748166614,0,0,robustness\ge__65_yr\lagged_ridge,False,0.5750000000000001,19.2,True,True,True,,,,
>= 65 yr,rolling_mean_4wk,forecast_baseline,0.3022727272727273,0.3228952827719285,0.772221316876069,0.3226455026455026,0.4971559748166614,0,0,robustness\ge__65_yr\rolling_mean_4wk,False,0.5750000000000001,19.2,True,True,True,,,,
>= 65 yr,arima_auto_small,forecast_baseline,0.3272727272727272,0.3464101615137754,0.8060605958367005,0.21185185185185182,0.27626717384210736,0,0,robustness\ge__65_yr\arima_auto_small,False,0.6,25.3,True,True,True,,,,
>= 65 yr,last_observed,forecast_baseline,0.3272727272727272,0.3464101615137754,0.8060605958367005,0.21185185185185182,0.27626717384210736,0,0,robustness\ge__65_yr\last_observed,False,0.6,25.3,True,True,True,,,,
Overall,delayed_observation_seir,epidemic_model,0.03507646992012179,0.04101008024765416,0.4726234565929157,0.08143571270587045,0.11474628800064013,8,4,overall\delayed_observation_seir,False,0.17970567315776698,7.82984801520611,True,True,True,,,,
Overall,deterministic_seir,epidemic_model,0.035122575423632556,0.04109156015111345,0.4724646611236286,0.08205884253214572,0.11640651097692094,8,4,overall\deterministic_seir,False,0.17996794795690396,7.821453228644074,True,True,True,,,,
Overall,hospitalized_seihr,epidemic_model,0.03611160727564747,0.04298322199142862,0.46920823783605525,0.08563303184903488,0.1212383174367372,11,5,overall\hospitalized_seihr,True,0.18557466095994835,7.858982857608401,False,False,True,,,,
Overall,probabilistic_seir,epidemic_model,0.0368224678800561,0.044429411811975815,0.46785537791826426,0.09569085495620559,0.13721657458792996,9,4,overall\probabilistic_seir,True,0.18943894467271535,7.82448836437305,False,True,True,,,,
Overall,exhaustive_structure_discovery,structure_discovery_ablation,0.03696720025847544,0.04465862757928767,0.46754901105012986,0.08887278741157383,0.12447568471998911,6,3,overall\exhaustive_structure_discovery,False,0.1900024207557976,7.688607964269929,True,True,True,SIR,False,I,0.0
Overall,no_stability_discovery,structure_discovery_ablation,0.036967265514723804,0.04465871525258031,0.46754915694834626,0.08887153352867096,0.12447438439707358,6,3,overall\no_stability_discovery,False,0.19000264320613977,7.688704099106118,True,True,True,SIR,False,I,0.0
Overall,random_structure_discovery,structure_discovery_ablation,0.036967269149987374,0.04465872026070247,0.46754914349729976,0.08887195077512107,0.12447646358496871,6,3,overall\random_structure_discovery,False,0.1900026547210145,7.688735012819332,True,True,True,SIR,False,I,0.0
Overall,constrained_structure_discovery,structure_discovery,0.03696734613268279,0.04465882361389327,0.46754932871601906,0.08887159710070552,0.1244749834538973,6,3,overall\constrained_structure_discovery,False,0.19000291767805855,7.688720417553623,True,True,True,SIR,False,I,0.0
Overall,no_observation_search_discovery,structure_discovery_ablation,0.07025286462014352,0.0724375492524079,1.2918043111526882,0.09891872859887085,0.10753926523013536,10,4,overall\no_observation_search_discovery,False,0.03665355987938189,7.8217815275562215,True,True,True,SEIRS,True,I,0.0
Overall,validation_only_structure_selection,structure_discovery_ablation,0.07484452106794912,0.07742136530186955,1.4226924406029722,0.08491430244981972,0.09020496062066634,10,4,overall\validation_only_structure_selection,False,0.029804524758205102,7.750045406014476,True,True,True,SEIRS,True,delayed_I,2.0
Overall,equal_weight_point_ensemble,point_ensemble,0.07792998266582173,0.08233859961772663,0.6535515038599118,0.08176143442884672,0.1211555425840329,0,0,overall\equal_weight_point_ensemble,False,0.19917908813125224,6.987889628073948,True,True,True,,,,
Overall,fractional_seir,epidemic_model,0.08478083750289968,0.09186165867086943,0.6845052237052718,0.1355639381791604,0.16916805777101787,9,4,overall\fractional_seir,False,0.24211434251979305,8.216091340770113,True,True,True,,,,
Overall,arima_auto_small,forecast_baseline,0.10909090909090909,0.11281521496355326,0.7878787585858599,0.04349206349206349,0.07126219530809592,0,0,overall\arima_auto_small,False,0.2,8.9,True,True,True,,,,
Overall,last_observed,forecast_baseline,0.10909090909090909,0.11281521496355326,0.7878787585858599,0.04349206349206349,0.07126219530809592,0,0,overall\last_observed,False,0.2,8.9,True,True,True,,,,
Overall,rolling_mean_2wk,forecast_baseline,0.10909090909090909,0.11281521496355326,0.7878787585858599,0.05880952380952381,0.09301771023497407,0,0,overall\rolling_mean_2wk,False,0.2,7.9,True,True,True,,,,
Overall,lagged_gradient_boosting,forecast_baseline,0.10909090909090909,0.11281521496355326,0.7878787585858599,0.10220899470899474,0.16492009301847096,0,0,overall\lagged_gradient_boosting,False,0.2,6.975,True,True,True,,,,
Overall,lagged_ridge,forecast_baseline,0.10909090909090909,0.11281521496355326,0.7878787585858599,0.10220899470899474,0.16492009301847096,0,0,overall\lagged_ridge,False,0.2,6.975,True,True,True,,,,
Overall,rolling_mean_4wk,forecast_baseline,0.10909090909090909,0.11281521496355326,0.7878787585858599,0.10220899470899474,0.16492009301847096,0,0,overall\rolling_mean_4wk,False,0.2,6.975,True,True,True,,,,
