series_name,reference_model,challenger_model,n_aligned,mean_abs_error_reference,mean_abs_error_challenger,mean_diff_challenger_minus_reference,ci95_low,ci95_high,reference_win_rate
0-4 yr,constrained_structure_discovery,arima_auto_small,59,0.10064964088418132,0.14067796610169486,0.0400283252175136,-0.0007608012257326916,0.08012883505975983,0.576271186440678
0-4 yr,constrained_structure_discovery,delayed_observation_seir,59,0.10064964088418132,0.2212644908179493,0.120614849933768,0.07252918865446863,0.1769832832330365,0.7627118644067796
0-4 yr,constrained_structure_discovery,deterministic_seir,59,0.10064964088418132,0.21422452329077643,0.11357488240659513,0.0691564689216496,0.16284496129318848,0.7457627118644068
0-4 yr,constrained_structure_discovery,equal_weight_point_ensemble,59,0.10064964088418132,0.14976618371300846,0.04911654282882711,0.007820278857004006,0.09502920873792992,0.5084745762711864
0-4 yr,constrained_structure_discovery,exhaustive_structure_discovery,59,0.10064964088418132,0.1144893321345026,0.013839691250321286,0.0035295916184632384,0.02335816757692699,0.6610169491525424
0-4 yr,constrained_structure_discovery,fractional_seir,59,0.10064964088418132,0.21822571580423267,0.11757607492005137,0.07083959855961068,0.16039775448215918,0.7627118644067796
0-4 yr,constrained_structure_discovery,hospitalized_seihr,59,0.10064964088418132,0.212442902753299,0.11179326186911769,0.0658096283761729,0.15967317608336326,0.7457627118644068
0-4 yr,constrained_structure_discovery,lagged_gradient_boosting,59,0.10064964088418132,0.17796610169491525,0.07731646081073396,0.027099061339211892,0.1341176672113521,0.5254237288135594
0-4 yr,constrained_structure_discovery,lagged_ridge,59,0.10064964088418132,0.17796610169491525,0.07731646081073396,0.0280506795330439,0.13313845961250043,0.5254237288135594
0-4 yr,constrained_structure_discovery,last_observed,59,0.10064964088418132,0.14067796610169486,0.0400283252175136,0.0021265331799823445,0.08030665742518624,0.576271186440678
0-4 yr,constrained_structure_discovery,no_observation_search_discovery,59,0.10064964088418132,0.15706441044130395,0.05641476955712264,0.017300994951983863,0.10820618356468456,0.6949152542372882
0-4 yr,constrained_structure_discovery,no_stability_discovery,59,0.10064964088418132,0.11952148609873504,0.01887184521455375,0.005916692622327436,0.03653359433221401,0.6610169491525424
0-4 yr,constrained_structure_discovery,probabilistic_seir,59,0.10064964088418132,0.18915180101773293,0.08850216013355165,0.04692939419449096,0.13681101292963177,0.6610169491525424
0-4 yr,constrained_structure_discovery,random_structure_discovery,59,0.10064964088418132,0.10114525318330696,0.0004956122991256589,-1.383276148548668e-05,0.0014941694567939844,0.5084745762711864
0-4 yr,constrained_structure_discovery,rolling_mean_2wk,59,0.10064964088418132,0.1330508474576271,0.032401206573445814,-0.0063480582160576554,0.0757316466908619,0.4915254237288136
0-4 yr,constrained_structure_discovery,rolling_mean_4wk,59,0.10064964088418132,0.17796610169491525,0.07731646081073396,0.025484349997559653,0.13747420412397685,0.5254237288135594
0-4 yr,constrained_structure_discovery,validation_only_structure_selection,59,0.10064964088418132,0.11182807865627596,0.011178437772094667,-1.1076601469178034e-05,0.033533056607003155,0.576271186440678
18-49 yr,constrained_structure_discovery,arima_auto_small,59,0.07923131049236921,0.03050847457627119,-0.04872283591609802,-0.06412087121392775,-0.03230401888169338,0.15254237288135594
18-49 yr,constrained_structure_discovery,delayed_observation_seir,59,0.07923131049236921,0.07330323986526405,-0.005928070627105177,-0.007182275957747293,-0.004700086372147871,0.05084745762711865
18-49 yr,constrained_structure_discovery,deterministic_seir,59,0.07923131049236921,0.07402355476017031,-0.005207755732198909,-0.006342617848951059,-0.004072063934137881,0.06779661016949153
18-49 yr,constrained_structure_discovery,equal_weight_point_ensemble,59,0.07923131049236921,0.05364127284369065,-0.025590037648678576,-0.03198750390819227,-0.019317239422732918,0.13559322033898305
18-49 yr,constrained_structure_discovery,exhaustive_structure_discovery,59,0.07923131049236921,0.07923006232887686,-1.2481634923626661e-06,-3.0170887002768684e-06,5.452822362879291e-07,0.4067796610169492
18-49 yr,constrained_structure_discovery,fractional_seir,59,0.07923131049236921,0.10077680861801522,0.021545498125646025,0.01125100375722693,0.03405477239444023,0.5084745762711864
18-49 yr,constrained_structure_discovery,hospitalized_seihr,59,0.07923131049236921,0.07511105016153342,-0.00412026033083579,-0.0054314829784695125,-0.0027470637841797065,0.11864406779661017
18-49 yr,constrained_structure_discovery,lagged_gradient_boosting,59,0.07923131049236921,0.05296610169491523,-0.02626520879745398,-0.03570834777089484,-0.016162806182612267,0.1864406779661017
18-49 yr,constrained_structure_discovery,lagged_ridge,59,0.07923131049236921,0.05296610169491523,-0.02626520879745398,-0.03569316695102072,-0.016827797114585992,0.1864406779661017
18-49 yr,constrained_structure_discovery,last_observed,59,0.07923131049236921,0.03050847457627119,-0.04872283591609802,-0.06424524290166818,-0.03261562701880489,0.15254237288135594
18-49 yr,constrained_structure_discovery,no_observation_search_discovery,59,0.07923131049236921,0.07923051722857415,-7.93263795062469e-07,-2.317935574541614e-06,5.736756517480737e-07,0.4915254237288136
18-49 yr,constrained_structure_discovery,no_stability_discovery,59,0.07923131049236921,0.07922915988144189,-2.150610927334108e-06,-4.155772689088318e-06,-5.13474571394499e-07,0.3559322033898305
18-49 yr,constrained_structure_discovery,probabilistic_seir,59,0.07923131049236921,0.0813179539962641,0.002086643503894865,0.00015085256819957743,0.004310666968106372,0.3559322033898305
18-49 yr,constrained_structure_discovery,random_structure_discovery,59,0.07923131049236921,0.08033577249129867,0.0011044619989294495,0.0009114608045473395,0.0012850016915602063,0.9491525423728814
18-49 yr,constrained_structure_discovery,rolling_mean_2wk,59,0.07923131049236921,0.036440677966101696,-0.042790632526267525,-0.0547895689353431,-0.03041693846714056,0.1694915254237288
18-49 yr,constrained_structure_discovery,rolling_mean_4wk,59,0.07923131049236921,0.05296610169491523,-0.02626520879745398,-0.035385130566201496,-0.016195058659679268,0.1864406779661017
18-49 yr,constrained_structure_discovery,validation_only_structure_selection,59,0.07923131049236921,0.03990766164957347,-0.03932364884279575,-0.05658472672595141,-0.02099296498531759,0.1864406779661017
5-17 yr,constrained_structure_discovery,arima_auto_small,59,0.05084046413672951,0.03728813559322034,-0.013552328543509164,-0.03323849428819404,0.0046619560720026,0.23728813559322035
5-17 yr,constrained_structure_discovery,delayed_observation_seir,59,0.05084046413672951,0.08086095985443491,0.030020495717705393,0.015754349727052613,0.04400186363401576,0.7966101694915254
5-17 yr,constrained_structure_discovery,deterministic_seir,59,0.05084046413672951,0.08012503370258141,0.029284569565851876,0.015108876555767389,0.04353512118828753,0.7966101694915254
5-17 yr,constrained_structure_discovery,equal_weight_point_ensemble,59,0.05084046413672951,0.04696289331227588,-0.003877570824453628,-0.019571868743785945,0.010863838987772266,0.7796610169491526
5-17 yr,constrained_structure_discovery,exhaustive_structure_discovery,59,0.05084046413672951,0.04423005660764343,-0.006610407529086076,-0.026970129033483888,0.01502150180978087,0.7966101694915254
5-17 yr,constrained_structure_discovery,fractional_seir,59,0.05084046413672951,0.08108370333904845,0.03024323920231895,0.015737928100626093,0.043984163590270534,0.7966101694915254
5-17 yr,constrained_structure_discovery,hospitalized_seihr,59,0.05084046413672951,0.05411268984937504,0.003272225712645538,-0.012394181622034723,0.018122125367813564,0.7627118644067796
5-17 yr,constrained_structure_discovery,lagged_gradient_boosting,59,0.05084046413672951,0.03983050847457625,-0.011009955662153254,-0.029796847151420735,0.006505289044046834,0.3898305084745763
5-17 yr,constrained_structure_discovery,lagged_ridge,59,0.05084046413672951,0.03983050847457625,-0.011009955662153254,-0.029836388323753304,0.006492458911310852,0.3898305084745763
5-17 yr,constrained_structure_discovery,last_observed,59,0.05084046413672951,0.03728813559322034,-0.013552328543509164,-0.032013496572855064,0.004858878602211719,0.23728813559322035
5-17 yr,constrained_structure_discovery,no_observation_search_discovery,59,0.05084046413672951,0.10210456248198319,0.05126409834525368,0.037893438952962585,0.06421756440584998,0.7966101694915254
5-17 yr,constrained_structure_discovery,no_stability_discovery,59,0.05084046413672951,0.03517129464606615,-0.015669169490663364,-0.03212723272955557,-0.0015614267277478048,0.7796610169491526
5-17 yr,constrained_structure_discovery,probabilistic_seir,59,0.05084046413672951,0.042868567095579596,-0.007971897041149908,-0.02486361029372787,0.00913832133121499,0.7288135593220338
5-17 yr,constrained_structure_discovery,random_structure_discovery,59,0.05084046413672951,0.051895445968032,0.001054981831302489,-0.010596025838466003,0.010939706640678039,0.864406779661017
5-17 yr,constrained_structure_discovery,rolling_mean_2wk,59,0.05084046413672951,0.035593220338983045,-0.01524724379774646,-0.03452019899684043,0.001596592882342899,0.288135593220339
5-17 yr,constrained_structure_discovery,rolling_mean_4wk,59,0.05084046413672951,0.03983050847457625,-0.011009955662153254,-0.03004817282538789,0.006588356743320309,0.3898305084745763
5-17 yr,constrained_structure_discovery,validation_only_structure_selection,59,0.05084046413672951,0.048167489881600446,-0.002672974255129065,-0.017763065643930143,0.011537355486252433,0.5932203389830508
50-64 yr,constrained_structure_discovery,arima_auto_small,59,0.054679535066905524,0.06101694915254236,0.006337414085636825,-0.013227856424153741,0.024129451307360716,0.5084745762711864
50-64 yr,constrained_structure_discovery,delayed_observation_seir,59,0.054679535066905524,0.05334122455045807,-0.0013383105164474596,-0.004219929589417325,0.0016518769494005242,0.5254237288135594
50-64 yr,constrained_structure_discovery,deterministic_seir,59,0.054679535066905524,0.05725042667858012,0.0025708916116745878,-0.0037261656286499585,0.012315103825122008,0.5254237288135594
50-64 yr,constrained_structure_discovery,equal_weight_point_ensemble,59,0.054679535066905524,0.06902204337722619,0.014342508310320655,0.0028776412818265662,0.027214868016197213,0.5423728813559322
50-64 yr,constrained_structure_discovery,exhaustive_structure_discovery,59,0.054679535066905524,0.054679013330644566,-5.217362609746236e-07,-2.62814080027711e-06,1.625577490821122e-06,0.423728813559322
50-64 yr,constrained_structure_discovery,fractional_seir,59,0.054679535066905524,0.1257140679560527,0.07103453288914711,0.05506861812338942,0.0872365736862658,0.847457627118644
50-64 yr,constrained_structure_discovery,hospitalized_seihr,59,0.054679535066905524,0.06488313164315755,0.010203596576252014,-0.0039058680357735897,0.03624554540631057,0.3389830508474576
50-64 yr,constrained_structure_discovery,lagged_gradient_boosting,59,0.054679535066905524,0.10762711864406775,0.05294758357716221,0.027459494181794893,0.08246331548469635,0.6271186440677966
50-64 yr,constrained_structure_discovery,lagged_ridge,59,0.054679535066905524,0.10762711864406775,0.05294758357716221,0.024837179476113844,0.08336159762043169,0.6271186440677966
50-64 yr,constrained_structure_discovery,last_observed,59,0.054679535066905524,0.06101694915254236,0.006337414085636825,-0.012559557967335058,0.024700971057675644,0.5084745762711864
50-64 yr,constrained_structure_discovery,no_observation_search_discovery,59,0.054679535066905524,0.05643989250045022,0.0017603574335446962,-0.0011511959764540925,0.006506660169148819,0.4745762711864407
50-64 yr,constrained_structure_discovery,no_stability_discovery,59,0.054679535066905524,0.05467956863546066,3.3568555140511366e-08,-1.1998503501969458e-06,1.5667754137970475e-06,0.559322033898305
50-64 yr,constrained_structure_discovery,probabilistic_seir,59,0.054679535066905524,0.08472766544273967,0.030048130375834148,0.0029974773424728276,0.07783292438368507,0.559322033898305
50-64 yr,constrained_structure_discovery,random_structure_discovery,59,0.054679535066905524,0.054679501478114526,-3.3588791016486484e-08,-1.7860416259958518e-06,1.59296112568713e-06,0.4576271186440678
50-64 yr,constrained_structure_discovery,rolling_mean_2wk,59,0.054679535066905524,0.0677966101694915,0.01311707510258597,-0.0022970580449885587,0.02935712904817001,0.559322033898305
50-64 yr,constrained_structure_discovery,rolling_mean_4wk,59,0.054679535066905524,0.10762711864406775,0.05294758357716221,0.026748607454626688,0.08151727542168737,0.6271186440677966
50-64 yr,constrained_structure_discovery,validation_only_structure_selection,59,0.054679535066905524,0.08298371659171956,0.028304181524814034,0.011725331353925368,0.04475599552881901,0.7457627118644068
>= 65 yr,constrained_structure_discovery,arima_auto_small,59,0.1763203362394962,0.21016949152542372,0.033849155285927496,-0.041521520407934644,0.11034288903389616,0.4745762711864407
>= 65 yr,constrained_structure_discovery,delayed_observation_seir,59,0.1763203362394962,0.22307017672258106,0.046749840483084865,-0.02426039117098843,0.11787436349322919,0.4406779661016949
>= 65 yr,constrained_structure_discovery,deterministic_seir,59,0.1763203362394962,0.22306546048737366,0.046745124247877454,-0.02414071812724683,0.12144513578159363,0.4745762711864407
>= 65 yr,constrained_structure_discovery,equal_weight_point_ensemble,59,0.1763203362394962,0.2564711199157578,0.08015078367626159,-0.0018800860766691563,0.16449906400213377,0.4915254237288136
>= 65 yr,constrained_structure_discovery,exhaustive_structure_discovery,59,0.1763203362394962,0.16858039714367376,-0.007739939095822421,-0.059264394460109865,0.0270393336218407,0.5932203389830508
>= 65 yr,constrained_structure_discovery,fractional_seir,59,0.1763203362394962,0.35410044825835446,0.17778011201885824,0.05844955338270019,0.3110494591369732,0.5254237288135594
>= 65 yr,constrained_structure_discovery,hospitalized_seihr,59,0.1763203362394962,0.261509888246127,0.08518955200663078,0.007596032768999502,0.15832999320207997,0.6440677966101694
>= 65 yr,constrained_structure_discovery,lagged_gradient_boosting,59,0.1763203362394962,0.3190677966101695,0.14274746037067323,0.04398499967260181,0.2505338344428502,0.5423728813559322
>= 65 yr,constrained_structure_discovery,lagged_ridge,59,0.1763203362394962,0.3190677966101695,0.14274746037067323,0.04289314923374129,0.2524089826059071,0.5423728813559322
>= 65 yr,constrained_structure_discovery,last_observed,59,0.1763203362394962,0.21016949152542372,0.033849155285927496,-0.043521103115061084,0.10838214028668844,0.4745762711864407
>= 65 yr,constrained_structure_discovery,no_observation_search_discovery,59,0.1763203362394962,0.23378875388799455,0.05746841764849834,-0.01674910093488538,0.1348961938352085,0.423728813559322
>= 65 yr,constrained_structure_discovery,no_stability_discovery,59,0.1763203362394962,0.19859113416975646,0.022270797930260246,-0.0030543778325998867,0.06747249028063919,0.4745762711864407
>= 65 yr,constrained_structure_discovery,probabilistic_seir,59,0.1763203362394962,0.2808311545708617,0.10451081833136543,0.026034354755499114,0.18870634144746454,0.5084745762711864
>= 65 yr,constrained_structure_discovery,random_structure_discovery,59,0.1763203362394962,0.19640802129048407,0.020087685050987868,-0.031114491346039764,0.04970422050533489,0.847457627118644
>= 65 yr,constrained_structure_discovery,rolling_mean_2wk,59,0.1763203362394962,0.2271186440677966,0.050798307828300374,-0.02872279467834969,0.12709854960532693,0.5084745762711864
>= 65 yr,constrained_structure_discovery,rolling_mean_4wk,59,0.1763203362394962,0.3190677966101695,0.14274746037067323,0.04648244901480653,0.2501443300691383,0.5423728813559322
>= 65 yr,constrained_structure_discovery,validation_only_structure_selection,59,0.1763203362394962,0.15779409355770554,-0.018526242681790657,-0.06230410636269859,0.007455102269323792,0.5423728813559322
Overall,constrained_structure_discovery,arima_auto_small,59,0.08964626285751429,0.042372881355932195,-0.04727338150158207,-0.06766514658354769,-0.029754889267955664,0.1864406779661017
Overall,constrained_structure_discovery,delayed_observation_seir,59,0.08964626285751429,0.08219154389031101,-0.007454718967203243,-0.009726004688217167,-0.005167009996657142,0.2542372881355932
Overall,constrained_structure_discovery,deterministic_seir,59,0.08964626285751429,0.08281891901703987,-0.006827343840474386,-0.008871423052990882,-0.004736555321982512,0.2711864406779661
Overall,constrained_structure_discovery,equal_weight_point_ensemble,59,0.08964626285751429,0.08123877826866199,-0.00840748458885226,-0.018734640697088998,0.0012126352763551292,0.4067796610169492
Overall,constrained_structure_discovery,exhaustive_structure_discovery,59,0.08964626285751429,0.08964752139340318,1.2585358889175947e-06,6.114322259840957e-08,2.5164252422600336e-06,0.6101694915254238
Overall,constrained_structure_discovery,fractional_seir,59,0.08964626285751429,0.13547386327869115,0.045827600421176874,0.03123361155153817,0.0669774000102659,0.8305084745762712
Overall,constrained_structure_discovery,hospitalized_seihr,59,0.08964626285751429,0.08630523397373059,-0.003341028883783684,-0.006861431985772067,0.0006425161887544221,0.3220338983050847
Overall,constrained_structure_discovery,lagged_gradient_boosting,59,0.08964626285751429,0.10084745762711861,0.011201194769604357,-0.006035536313207031,0.030934720085791553,0.4745762711864407
Overall,constrained_structure_discovery,lagged_ridge,59,0.08964626285751429,0.10084745762711861,0.011201194769604357,-0.006393348085602322,0.029391260132519685,0.4745762711864407
Overall,constrained_structure_discovery,last_observed,59,0.08964626285751429,0.042372881355932195,-0.04727338150158207,-0.0658238420044458,-0.028219774786447046,0.1864406779661017
Overall,constrained_structure_discovery,no_observation_search_discovery,59,0.08964626285751429,0.09897511393905302,0.009328851081538754,-0.015079753533048242,0.03084645677703384,0.6610169491525424
Overall,constrained_structure_discovery,no_stability_discovery,59,0.08964626285751429,0.08964615776772537,-1.0508978888928496e-07,-1.9595734115872404e-06,1.614278832761827e-06,0.576271186440678
Overall,constrained_structure_discovery,probabilistic_seir,59,0.08964626285751429,0.09650385611078213,0.006857593253267884,0.003998818035450219,0.010346755461653765,0.7288135593220338
Overall,constrained_structure_discovery,random_structure_discovery,59,0.08964626285751429,0.08964654914144961,2.862839353373281e-07,-1.9287871183636377e-06,2.3617046628918e-06,0.5254237288135594
Overall,constrained_structure_discovery,rolling_mean_2wk,59,0.08964626285751429,0.05762711864406778,-0.03201914421344649,-0.04802910591723912,-0.016617095594483527,0.2711864406779661
Overall,constrained_structure_discovery,rolling_mean_4wk,59,0.08964626285751429,0.10084745762711861,0.011201194769604357,-0.00594703897632661,0.030456648389226824,0.4745762711864407
Overall,constrained_structure_discovery,validation_only_structure_selection,59,0.08964626285751429,0.08486764730484819,-0.0047786155526660734,-0.02933386810009459,0.018994654783833137,0.5932203389830508
