series_name,proposer_type,budget,selected_model_at_k,selection_metric_source,validation_or_rolling_score_at_k,post_selection_test_mae,test_metric_usage
0-4 yr,deterministic_seed_proposer,3,arima_auto_small,rolling_mean_mae,0.1291666666666667,0.08181818181818182,posthoc_descriptive_only
0-4 yr,deterministic_seed_proposer,5,arima_auto_small,rolling_mean_mae,0.1291666666666667,0.08181818181818182,posthoc_descriptive_only
0-4 yr,deterministic_seed_proposer,10,arima_auto_small,rolling_mean_mae,0.1291666666666667,0.08181818181818182,posthoc_descriptive_only
0-4 yr,random_candidate_proposer,3,rolling_mean_4wk,rolling_mean_mae,0.1636011904761905,0.10227272727272728,posthoc_descriptive_only
0-4 yr,random_candidate_proposer,5,arima_auto_small,rolling_mean_mae,0.1291666666666667,0.08181818181818182,posthoc_descriptive_only
0-4 yr,random_candidate_proposer,10,arima_auto_small,rolling_mean_mae,0.1291666666666667,0.08181818181818182,posthoc_descriptive_only
0-4 yr,failure_guided_proposer,3,constrained_structure_discovery,rolling_mean_mae,0.1148350019499924,0.09050776948917028,posthoc_descriptive_only
0-4 yr,failure_guided_proposer,5,arima_auto_small,rolling_mean_mae,0.1291666666666667,0.08181818181818182,posthoc_descriptive_only
0-4 yr,failure_guided_proposer,10,arima_auto_small,rolling_mean_mae,0.1291666666666667,0.08181818181818182,posthoc_descriptive_only
0-4 yr,mock_api_proposer,3,arima_auto_small,rolling_mean_mae,0.1291666666666667,0.08181818181818182,posthoc_descriptive_only
0-4 yr,mock_api_proposer,5,arima_auto_small,rolling_mean_mae,0.1291666666666667,0.08181818181818182,posthoc_descriptive_only
0-4 yr,mock_api_proposer,10,arima_auto_small,rolling_mean_mae,0.1291666666666667,0.08181818181818182,posthoc_descriptive_only
0-4 yr,oracle_full_candidate_ranking,3,arima_auto_small,rolling_mean_mae,0.1291666666666667,0.08181818181818182,posthoc_descriptive_only
0-4 yr,oracle_full_candidate_ranking,5,arima_auto_small,rolling_mean_mae,0.1291666666666667,0.08181818181818182,posthoc_descriptive_only
0-4 yr,oracle_full_candidate_ranking,10,arima_auto_small,rolling_mean_mae,0.1291666666666667,0.08181818181818182,posthoc_descriptive_only
18-49 yr,deterministic_seed_proposer,3,arima_auto_small,rolling_mean_mae,0.03178571428571429,0.009090909090909092,posthoc_descriptive_only
18-49 yr,deterministic_seed_proposer,5,arima_auto_small,rolling_mean_mae,0.03178571428571429,0.009090909090909092,posthoc_descriptive_only
18-49 yr,deterministic_seed_proposer,10,arima_auto_small,rolling_mean_mae,0.03178571428571429,0.009090909090909092,posthoc_descriptive_only
18-49 yr,random_candidate_proposer,3,last_observed,rolling_mean_mae,0.03178571428571429,0.009090909090909092,posthoc_descriptive_only
18-49 yr,random_candidate_proposer,5,last_observed,rolling_mean_mae,0.03178571428571429,0.009090909090909092,posthoc_descriptive_only
18-49 yr,random_candidate_proposer,10,arima_auto_small,rolling_mean_mae,0.03178571428571429,0.009090909090909092,posthoc_descriptive_only
18-49 yr,failure_guided_proposer,3,arima_auto_small,rolling_mean_mae,0.03178571428571429,0.009090909090909092,posthoc_descriptive_only
18-49 yr,failure_guided_proposer,5,arima_auto_small,rolling_mean_mae,0.03178571428571429,0.009090909090909092,posthoc_descriptive_only
18-49 yr,failure_guided_proposer,10,arima_auto_small,rolling_mean_mae,0.03178571428571429,0.009090909090909092,posthoc_descriptive_only
18-49 yr,mock_api_proposer,3,arima_auto_small,rolling_mean_mae,0.03178571428571429,0.009090909090909092,posthoc_descriptive_only
18-49 yr,mock_api_proposer,5,arima_auto_small,rolling_mean_mae,0.03178571428571429,0.009090909090909092,posthoc_descriptive_only
18-49 yr,mock_api_proposer,10,arima_auto_small,rolling_mean_mae,0.03178571428571429,0.009090909090909092,posthoc_descriptive_only
18-49 yr,oracle_full_candidate_ranking,3,arima_auto_small,rolling_mean_mae,0.03178571428571429,0.009090909090909092,posthoc_descriptive_only
18-49 yr,oracle_full_candidate_ranking,5,arima_auto_small,rolling_mean_mae,0.03178571428571429,0.009090909090909092,posthoc_descriptive_only
18-49 yr,oracle_full_candidate_ranking,10,arima_auto_small,rolling_mean_mae,0.03178571428571429,0.009090909090909092,posthoc_descriptive_only
Overall,deterministic_seed_proposer,3,arima_auto_small,rolling_mean_mae,0.0319047619047619,0.10909090909090909,posthoc_descriptive_only
Overall,deterministic_seed_proposer,5,arima_auto_small,rolling_mean_mae,0.0319047619047619,0.10909090909090909,posthoc_descriptive_only
Overall,deterministic_seed_proposer,10,arima_auto_small,rolling_mean_mae,0.0319047619047619,0.10909090909090909,posthoc_descriptive_only
Overall,random_candidate_proposer,3,last_observed,rolling_mean_mae,0.0319047619047619,0.10909090909090909,posthoc_descriptive_only
Overall,random_candidate_proposer,5,arima_auto_small,rolling_mean_mae,0.0319047619047619,0.10909090909090909,posthoc_descriptive_only
Overall,random_candidate_proposer,10,arima_auto_small,rolling_mean_mae,0.0319047619047619,0.10909090909090909,posthoc_descriptive_only
Overall,failure_guided_proposer,3,arima_auto_small,rolling_mean_mae,0.0319047619047619,0.10909090909090909,posthoc_descriptive_only
Overall,failure_guided_proposer,5,arima_auto_small,rolling_mean_mae,0.0319047619047619,0.10909090909090909,posthoc_descriptive_only
Overall,failure_guided_proposer,10,arima_auto_small,rolling_mean_mae,0.0319047619047619,0.10909090909090909,posthoc_descriptive_only
Overall,mock_api_proposer,3,arima_auto_small,rolling_mean_mae,0.0319047619047619,0.10909090909090909,posthoc_descriptive_only
Overall,mock_api_proposer,5,arima_auto_small,rolling_mean_mae,0.0319047619047619,0.10909090909090909,posthoc_descriptive_only
Overall,mock_api_proposer,10,arima_auto_small,rolling_mean_mae,0.0319047619047619,0.10909090909090909,posthoc_descriptive_only
Overall,oracle_full_candidate_ranking,3,arima_auto_small,rolling_mean_mae,0.0319047619047619,0.10909090909090909,posthoc_descriptive_only
Overall,oracle_full_candidate_ranking,5,arima_auto_small,rolling_mean_mae,0.0319047619047619,0.10909090909090909,posthoc_descriptive_only
Overall,oracle_full_candidate_ranking,10,arima_auto_small,rolling_mean_mae,0.0319047619047619,0.10909090909090909,posthoc_descriptive_only
>= 65 yr,deterministic_seed_proposer,3,arima_auto_small,rolling_mean_mae,0.1983333333333333,0.3272727272727272,posthoc_descriptive_only
>= 65 yr,deterministic_seed_proposer,5,arima_auto_small,rolling_mean_mae,0.1983333333333333,0.3272727272727272,posthoc_descriptive_only
>= 65 yr,deterministic_seed_proposer,10,arima_auto_small,rolling_mean_mae,0.1983333333333333,0.3272727272727272,posthoc_descriptive_only
>= 65 yr,random_candidate_proposer,3,rolling_mean_4wk,rolling_mean_mae,0.28535714285714286,0.3022727272727273,posthoc_descriptive_only
>= 65 yr,random_candidate_proposer,5,rolling_mean_4wk,rolling_mean_mae,0.28535714285714286,0.3022727272727273,posthoc_descriptive_only
>= 65 yr,random_candidate_proposer,10,arima_auto_small,rolling_mean_mae,0.1983333333333333,0.3272727272727272,posthoc_descriptive_only
>= 65 yr,failure_guided_proposer,3,arima_auto_small,rolling_mean_mae,0.1983333333333333,0.3272727272727272,posthoc_descriptive_only
>= 65 yr,failure_guided_proposer,5,arima_auto_small,rolling_mean_mae,0.1983333333333333,0.3272727272727272,posthoc_descriptive_only
>= 65 yr,failure_guided_proposer,10,arima_auto_small,rolling_mean_mae,0.1983333333333333,0.3272727272727272,posthoc_descriptive_only
>= 65 yr,mock_api_proposer,3,arima_auto_small,rolling_mean_mae,0.1983333333333333,0.3272727272727272,posthoc_descriptive_only
>= 65 yr,mock_api_proposer,5,arima_auto_small,rolling_mean_mae,0.1983333333333333,0.3272727272727272,posthoc_descriptive_only
>= 65 yr,mock_api_proposer,10,arima_auto_small,rolling_mean_mae,0.1983333333333333,0.3272727272727272,posthoc_descriptive_only
>= 65 yr,oracle_full_candidate_ranking,3,arima_auto_small,rolling_mean_mae,0.1983333333333333,0.3272727272727272,posthoc_descriptive_only
>= 65 yr,oracle_full_candidate_ranking,5,arima_auto_small,rolling_mean_mae,0.1983333333333333,0.3272727272727272,posthoc_descriptive_only
>= 65 yr,oracle_full_candidate_ranking,10,arima_auto_small,rolling_mean_mae,0.1983333333333333,0.3272727272727272,posthoc_descriptive_only
