season,age_group,series_name,model_name,model_family,test_mae,rolling_mean_mae,test_rank,rolling_rank,rank_score,recommended_model,decision_type,best_test_model,best_rolling_model,structure_name,fractional,observation_map,delay_weeks,score_policy,score,score_formula,numerical_failure_flag
2018-19,0-4 yr,2018-19 / 0-4 yr,validation_only_structure_selection,structure_discovery_ablation,2.0716517791767903,1.175438768230016,1,4,5,no_observation_search_discovery,balanced_tradeoff,validation_only_structure_selection,arima_auto_small,SEIAR,True,I,0.0,validation_only,0.6389210161638549,val_mae,True
2018-19,0-4 yr,2018-19 / 0-4 yr,no_observation_search_discovery,structure_discovery_ablation,2.1511687130137545,0.8490081571421909,2,2,4,no_observation_search_discovery,balanced_tradeoff,validation_only_structure_selection,arima_auto_small,SEIRS,False,I,0.0,stability_aware,0.873288184849975,multi_split_mean_mae + multi_split_penalty + stability_penalty + complexity_penalty + age_prior_penalty,True
2018-19,0-4 yr,2018-19 / 0-4 yr,delayed_observation_seir,epidemic_model,2.233103677942661,1.4306698563645246,3,6,9,no_observation_search_discovery,balanced_tradeoff,validation_only_structure_selection,arima_auto_small,,,,,,,,True
2018-19,0-4 yr,2018-19 / 0-4 yr,constrained_structure_discovery,structure_discovery,2.6376880772771463,1.2166015611243688,4,5,9,no_observation_search_discovery,balanced_tradeoff,validation_only_structure_selection,arima_auto_small,SEIHR,False,H,0.0,stability_aware,1.094642758378655,multi_split_mean_mae + multi_split_penalty + stability_penalty + complexity_penalty + age_prior_penalty,True
2018-19,0-4 yr,2018-19 / 0-4 yr,arima_auto_small,forecast_baseline,2.642857142857143,0.6461538461538462,5,1,6,no_observation_search_discovery,balanced_tradeoff,validation_only_structure_selection,arima_auto_small,,,,,,,,False
2018-19,0-4 yr,2018-19 / 0-4 yr,last_observed,forecast_baseline,2.642857142857143,0.6461538461538462,5,1,6,no_observation_search_discovery,balanced_tradeoff,validation_only_structure_selection,arima_auto_small,,,,,,,,False
2018-19,0-4 yr,2018-19 / 0-4 yr,rolling_mean_4wk,forecast_baseline,2.7178571428571425,0.9326923076923077,6,3,9,no_observation_search_discovery,balanced_tradeoff,validation_only_structure_selection,arima_auto_small,,,,,,,,False
2018-19,0-4 yr,2018-19 / 0-4 yr,deterministic_seir,epidemic_model,6.427809165859225,1.4312756610546669,7,7,14,no_observation_search_discovery,balanced_tradeoff,validation_only_structure_selection,arima_auto_small,,,,,,,,True
2018-19,>= 65 yr,2018-19 / >= 65 yr,rolling_mean_4wk,forecast_baseline,9.960714285714287,5.584615384615384,1,5,6,arima_auto_small,stability_preferred,rolling_mean_4wk,arima_auto_small,,,,,,,,False
2018-19,>= 65 yr,2018-19 / >= 65 yr,arima_auto_small,forecast_baseline,12.700000000000001,2.5307692307692307,2,1,3,arima_auto_small,stability_preferred,rolling_mean_4wk,arima_auto_small,,,,,,,,False
2018-19,>= 65 yr,2018-19 / >= 65 yr,last_observed,forecast_baseline,12.700000000000001,2.5307692307692307,2,1,3,arima_auto_small,stability_preferred,rolling_mean_4wk,arima_auto_small,,,,,,,,False
2018-19,>= 65 yr,2018-19 / >= 65 yr,no_observation_search_discovery,structure_discovery_ablation,20.708289682550994,2.769689060380948,3,3,6,arima_auto_small,stability_preferred,rolling_mean_4wk,arima_auto_small,SEIR,True,I,0.0,stability_aware,4.296275467428861,multi_split_mean_mae + multi_split_penalty + stability_penalty + complexity_penalty + age_prior_penalty,True
2018-19,>= 65 yr,2018-19 / >= 65 yr,constrained_structure_discovery,structure_discovery,21.97214126165628,2.6965972463914833,4,2,6,arima_auto_small,stability_preferred,rolling_mean_4wk,arima_auto_small,SEIR,False,delayed_I,3.0,stability_aware,4.579104374954743,multi_split_mean_mae + multi_split_penalty + stability_penalty + complexity_penalty + age_prior_penalty,True
2018-19,>= 65 yr,2018-19 / >= 65 yr,validation_only_structure_selection,structure_discovery_ablation,22.284512347863306,3.945101715669179,5,4,9,arima_auto_small,stability_preferred,rolling_mean_4wk,arima_auto_small,SEIAR,True,I,0.0,validation_only,4.5537691014516914,val_mae,True
2018-19,>= 65 yr,2018-19 / >= 65 yr,deterministic_seir,epidemic_model,23.66998707397756,6.4244204462774395,6,6,12,arima_auto_small,stability_preferred,rolling_mean_4wk,arima_auto_small,,,,,,,,True
2018-19,>= 65 yr,2018-19 / >= 65 yr,delayed_observation_seir,epidemic_model,24.153325038754495,6.695318429539143,7,7,14,arima_auto_small,stability_preferred,rolling_mean_4wk,arima_auto_small,,,,,,,,True
2018-19,Overall,2018-19 / Overall,rolling_mean_4wk,forecast_baseline,2.8607142857142853,1.3576923076923078,1,5,6,arima_auto_small,stability_preferred,rolling_mean_4wk,arima_auto_small,,,,,,,,False
2018-19,Overall,2018-19 / Overall,arima_auto_small,forecast_baseline,3.385714285714286,0.6000000000000001,2,1,3,arima_auto_small,stability_preferred,rolling_mean_4wk,arima_auto_small,,,,,,,,False
2018-19,Overall,2018-19 / Overall,last_observed,forecast_baseline,3.385714285714286,0.6000000000000001,2,1,3,arima_auto_small,stability_preferred,rolling_mean_4wk,arima_auto_small,,,,,,,,False
2018-19,Overall,2018-19 / Overall,validation_only_structure_selection,structure_discovery_ablation,3.9248431222478812,0.955671438548594,3,3,6,arima_auto_small,stability_preferred,rolling_mean_4wk,arima_auto_small,SEIAR,True,delayed_I,1.0,validation_only,1.5160494190761558,val_mae,True
2018-19,Overall,2018-19 / Overall,no_observation_search_discovery,structure_discovery_ablation,3.9528451888304574,0.9295147662156432,4,2,6,arima_auto_small,stability_preferred,rolling_mean_4wk,arima_auto_small,SEIR,False,I,0.0,stability_aware,1.3166712562359995,multi_split_mean_mae + multi_split_penalty + stability_penalty + complexity_penalty + age_prior_penalty,True
2018-19,Overall,2018-19 / Overall,delayed_observation_seir,epidemic_model,4.075014176231464,1.7154755752704414,5,6,11,arima_auto_small,stability_preferred,rolling_mean_4wk,arima_auto_small,,,,,,,,True
2018-19,Overall,2018-19 / Overall,deterministic_seir,epidemic_model,4.109004274360867,1.7956333469421621,6,7,13,arima_auto_small,stability_preferred,rolling_mean_4wk,arima_auto_small,,,,,,,,True
2018-19,Overall,2018-19 / Overall,constrained_structure_discovery,structure_discovery,4.125971564878726,1.0200312432802312,7,4,11,arima_auto_small,stability_preferred,rolling_mean_4wk,arima_auto_small,SEIHR,True,H,0.0,stability_aware,1.2454182552320765,multi_split_mean_mae + multi_split_penalty + stability_penalty + complexity_penalty + age_prior_penalty,True
2019-20,0-4 yr,2019-20 / 0-4 yr,validation_only_structure_selection,structure_discovery_ablation,1.9090265851978594,1.7699227192871954,1,6,7,deterministic_seir,balanced_tradeoff,validation_only_structure_selection,arima_auto_small,SEIAR,False,delayed_I,2.0,validation_only,1.0345151144014555,val_mae,True
2019-20,0-4 yr,2019-20 / 0-4 yr,deterministic_seir,epidemic_model,1.9171201050421338,1.1449557931673782,2,2,4,deterministic_seir,balanced_tradeoff,validation_only_structure_selection,arima_auto_small,,,,,,,,True
2019-20,0-4 yr,2019-20 / 0-4 yr,delayed_observation_seir,epidemic_model,2.2627235608184963,1.597770117130302,3,4,7,deterministic_seir,balanced_tradeoff,validation_only_structure_selection,arima_auto_small,,,,,,,,True
2019-20,0-4 yr,2019-20 / 0-4 yr,arima_auto_small,forecast_baseline,2.3428571428571425,1.0,4,1,5,deterministic_seir,balanced_tradeoff,validation_only_structure_selection,arima_auto_small,,,,,,,,False
2019-20,0-4 yr,2019-20 / 0-4 yr,last_observed,forecast_baseline,2.3428571428571425,1.0,4,1,5,deterministic_seir,balanced_tradeoff,validation_only_structure_selection,arima_auto_small,,,,,,,,False
2019-20,0-4 yr,2019-20 / 0-4 yr,no_observation_search_discovery,structure_discovery_ablation,2.446632988074134,1.666720000555333,5,5,10,deterministic_seir,balanced_tradeoff,validation_only_structure_selection,arima_auto_small,SEIAR,True,I,0.0,stability_aware,2.16950016637987,multi_split_mean_mae + multi_split_penalty + stability_penalty + complexity_penalty + age_prior_penalty,True
2019-20,0-4 yr,2019-20 / 0-4 yr,constrained_structure_discovery,structure_discovery,2.6358014593479715,3.0782382200022336,6,7,13,deterministic_seir,balanced_tradeoff,validation_only_structure_selection,arima_auto_small,SEIR,False,I,0.0,stability_aware,2.1308206981960485,multi_split_mean_mae + multi_split_penalty + stability_penalty + complexity_penalty + age_prior_penalty,True
2019-20,0-4 yr,2019-20 / 0-4 yr,rolling_mean_4wk,forecast_baseline,4.417857142857143,1.594230769230769,7,3,10,deterministic_seir,balanced_tradeoff,validation_only_structure_selection,arima_auto_small,,,,,,,,False
2019-20,>= 65 yr,2019-20 / >= 65 yr,constrained_structure_discovery,structure_discovery,6.0890912515647075,6.414913672717992,1,6,7,arima_auto_small,stability_preferred,constrained_structure_discovery,arima_auto_small,SEIAR,False,I,0.0,stability_aware,2.9650906808734256,multi_split_mean_mae + multi_split_penalty + stability_penalty + complexity_penalty + age_prior_penalty,True
2019-20,>= 65 yr,2019-20 / >= 65 yr,validation_only_structure_selection,structure_discovery_ablation,7.038370038066636,4.944302618256843,2,4,6,arima_auto_small,stability_preferred,constrained_structure_discovery,arima_auto_small,SEIHR,False,H,0.0,validation_only,1.8773941121001918,val_mae,True
2019-20,>= 65 yr,2019-20 / >= 65 yr,delayed_observation_seir,epidemic_model,7.641344506176431,5.557508749897143,3,5,8,arima_auto_small,stability_preferred,constrained_structure_discovery,arima_auto_small,,,,,,,,True
2019-20,>= 65 yr,2019-20 / >= 65 yr,arima_auto_small,forecast_baseline,7.6571428571428575,1.4692307692307693,4,1,5,arima_auto_small,stability_preferred,constrained_structure_discovery,arima_auto_small,,,,,,,,False
2019-20,>= 65 yr,2019-20 / >= 65 yr,last_observed,forecast_baseline,7.6571428571428575,1.4692307692307693,4,1,5,arima_auto_small,stability_preferred,constrained_structure_discovery,arima_auto_small,,,,,,,,False
2019-20,>= 65 yr,2019-20 / >= 65 yr,deterministic_seir,epidemic_model,7.68382095340273,3.6031140405883844,5,3,8,arima_auto_small,stability_preferred,constrained_structure_discovery,arima_auto_small,,,,,,,,True
2019-20,>= 65 yr,2019-20 / >= 65 yr,no_observation_search_discovery,structure_discovery_ablation,8.980051733988985,8.201210962105062,6,7,13,arima_auto_small,stability_preferred,constrained_structure_discovery,arima_auto_small,SEIRS,False,I,0.0,stability_aware,2.913472563338724,multi_split_mean_mae + multi_split_penalty + stability_penalty + complexity_penalty + age_prior_penalty,True
2019-20,>= 65 yr,2019-20 / >= 65 yr,rolling_mean_4wk,forecast_baseline,11.457142857142857,3.31923076923077,7,2,9,arima_auto_small,stability_preferred,constrained_structure_discovery,arima_auto_small,,,,,,,,False
2019-20,Overall,2019-20 / Overall,constrained_structure_discovery,structure_discovery,1.837769714787035,0.8343284688680355,1,2,3,constrained_structure_discovery,test_preferred,constrained_structure_discovery,arima_auto_small,SEIHR,True,H,0.0,stability_aware,1.2864207769225986,multi_split_mean_mae + multi_split_penalty + stability_penalty + complexity_penalty + age_prior_penalty,True
2019-20,Overall,2019-20 / Overall,delayed_observation_seir,epidemic_model,2.2331823949493272,1.0278181267816722,2,5,7,constrained_structure_discovery,test_preferred,constrained_structure_discovery,arima_auto_small,,,,,,,,True
2019-20,Overall,2019-20 / Overall,deterministic_seir,epidemic_model,2.329453574553009,1.080633352481272,3,6,9,constrained_structure_discovery,test_preferred,constrained_structure_discovery,arima_auto_small,,,,,,,,True
2019-20,Overall,2019-20 / Overall,validation_only_structure_selection,structure_discovery_ablation,2.3660274334130205,0.9616992694543474,4,3,7,constrained_structure_discovery,test_preferred,constrained_structure_discovery,arima_auto_small,SEIAR,False,delayed_I,3.0,validation_only,0.6178748786211554,val_mae,True
2019-20,Overall,2019-20 / Overall,arima_auto_small,forecast_baseline,2.5285714285714285,0.5153846153846154,5,1,6,constrained_structure_discovery,test_preferred,constrained_structure_discovery,arima_auto_small,,,,,,,,False
2019-20,Overall,2019-20 / Overall,last_observed,forecast_baseline,2.5285714285714285,0.5153846153846154,5,1,6,constrained_structure_discovery,test_preferred,constrained_structure_discovery,arima_auto_small,,,,,,,,False
2019-20,Overall,2019-20 / Overall,rolling_mean_4wk,forecast_baseline,3.7785714285714285,1.123076923076923,6,7,13,constrained_structure_discovery,test_preferred,constrained_structure_discovery,arima_auto_small,,,,,,,,False
2019-20,Overall,2019-20 / Overall,no_observation_search_discovery,structure_discovery_ablation,4.316245170125472,0.9719743676418394,7,4,11,constrained_structure_discovery,test_preferred,constrained_structure_discovery,arima_auto_small,SIR,True,I,0.0,stability_aware,1.3037270222980704,multi_split_mean_mae + multi_split_penalty + stability_penalty + complexity_penalty + age_prior_penalty,True
2021-22,0-4 yr,2021-22 / 0-4 yr,arima_auto_small,forecast_baseline,0.29999999999999993,0.2866666666666667,1,1,2,arima_auto_small,stability_preferred,rolling_mean_4wk,arima_auto_small,,,,,,,,False
2021-22,0-4 yr,2021-22 / 0-4 yr,last_observed,forecast_baseline,0.29999999999999993,0.2866666666666667,1,1,2,arima_auto_small,stability_preferred,rolling_mean_4wk,arima_auto_small,,,,,,,,False
2021-22,0-4 yr,2021-22 / 0-4 yr,rolling_mean_4wk,forecast_baseline,0.29999999999999993,0.31,1,2,3,arima_auto_small,stability_preferred,rolling_mean_4wk,arima_auto_small,,,,,,,,False
2021-22,0-4 yr,2021-22 / 0-4 yr,validation_only_structure_selection,structure_discovery_ablation,0.40263543833187865,0.404858849881851,2,6,8,arima_auto_small,stability_preferred,rolling_mean_4wk,arima_auto_small,SEIAR,True,delayed_I,1.0,validation_only,0.4806785000824357,val_mae,True
2021-22,0-4 yr,2021-22 / 0-4 yr,no_observation_search_discovery,structure_discovery_ablation,0.40977580230082666,0.3715959341824319,3,5,8,arima_auto_small,stability_preferred,rolling_mean_4wk,arima_auto_small,SEIRS,False,I,0.0,stability_aware,0.6813312465739685,multi_split_mean_mae + multi_split_penalty + stability_penalty + complexity_penalty + age_prior_penalty,True
2021-22,0-4 yr,2021-22 / 0-4 yr,constrained_structure_discovery,structure_discovery,0.40997931620478434,0.37006998752229625,4,4,8,arima_auto_small,stability_preferred,rolling_mean_4wk,arima_auto_small,SEIRS,False,I,0.0,stability_aware,0.6796966782606046,multi_split_mean_mae + multi_split_penalty + stability_penalty + complexity_penalty + age_prior_penalty,True
2021-22,0-4 yr,2021-22 / 0-4 yr,deterministic_seir,epidemic_model,0.7497787380540144,0.48022269257876304,5,7,12,arima_auto_small,stability_preferred,rolling_mean_4wk,arima_auto_small,,,,,,,,True
2021-22,0-4 yr,2021-22 / 0-4 yr,delayed_observation_seir,epidemic_model,2.706368890521577,0.34488123106066276,6,3,9,arima_auto_small,stability_preferred,rolling_mean_4wk,arima_auto_small,,,,,,,,True
2021-22,>= 65 yr,2021-22 / >= 65 yr,rolling_mean_4wk,forecast_baseline,1.0,0.895,1,3,4,arima_auto_small,stability_preferred,rolling_mean_4wk,arima_auto_small,,,,,,,,False
2021-22,>= 65 yr,2021-22 / >= 65 yr,arima_auto_small,forecast_baseline,1.0499999999999998,0.3933333333333333,2,1,3,arima_auto_small,stability_preferred,rolling_mean_4wk,arima_auto_small,,,,,,,,False
2021-22,>= 65 yr,2021-22 / >= 65 yr,last_observed,forecast_baseline,1.0499999999999998,0.3933333333333333,2,1,3,arima_auto_small,stability_preferred,rolling_mean_4wk,arima_auto_small,,,,,,,,False
2021-22,>= 65 yr,2021-22 / >= 65 yr,validation_only_structure_selection,structure_discovery_ablation,1.4807401801697135,1.0262688122764831,3,5,8,arima_auto_small,stability_preferred,rolling_mean_4wk,arima_auto_small,SEIAR,False,delayed_I,1.0,validation_only,1.5204133624355325,val_mae,True
2021-22,>= 65 yr,2021-22 / >= 65 yr,constrained_structure_discovery,structure_discovery,1.5092828744503526,0.7113164020524593,4,2,6,arima_auto_small,stability_preferred,rolling_mean_4wk,arima_auto_small,SEIRS,False,delayed_I,3.0,stability_aware,1.8316042891132787,multi_split_mean_mae + multi_split_penalty + stability_penalty + complexity_penalty + age_prior_penalty,True
2021-22,>= 65 yr,2021-22 / >= 65 yr,no_observation_search_discovery,structure_discovery_ablation,2.1711225313356244,0.9272386861734556,5,4,9,arima_auto_small,stability_preferred,rolling_mean_4wk,arima_auto_small,SEIRS,False,I,0.0,stability_aware,2.1447326198353887,multi_split_mean_mae + multi_split_penalty + stability_penalty + complexity_penalty + age_prior_penalty,True
2021-22,>= 65 yr,2021-22 / >= 65 yr,deterministic_seir,epidemic_model,4.1467768548298745,1.4110438167114951,6,7,13,arima_auto_small,stability_preferred,rolling_mean_4wk,arima_auto_small,,,,,,,,True
2021-22,>= 65 yr,2021-22 / >= 65 yr,delayed_observation_seir,epidemic_model,15.029822164098025,1.3582912135085852,7,6,13,arima_auto_small,stability_preferred,rolling_mean_4wk,arima_auto_small,,,,,,,,True
2021-22,Overall,2021-22 / Overall,rolling_mean_4wk,forecast_baseline,0.2875,0.2716666666666666,1,2,3,rolling_mean_4wk,test_preferred,rolling_mean_4wk,arima_auto_small,,,,,,,,False
2021-22,Overall,2021-22 / Overall,no_observation_search_discovery,structure_discovery_ablation,0.2926373807214936,0.3196420891754147,2,4,6,rolling_mean_4wk,test_preferred,rolling_mean_4wk,arima_auto_small,SIR,False,I,0.0,stability_aware,0.7355340865274393,multi_split_mean_mae + multi_split_penalty + stability_penalty + complexity_penalty + age_prior_penalty,True
2021-22,Overall,2021-22 / Overall,constrained_structure_discovery,structure_discovery,0.29983660428818815,0.31926859113448675,3,3,6,rolling_mean_4wk,test_preferred,rolling_mean_4wk,arima_auto_small,SIR,False,I,0.0,stability_aware,0.7353914580485339,multi_split_mean_mae + multi_split_penalty + stability_penalty + complexity_penalty + age_prior_penalty,True
2021-22,Overall,2021-22 / Overall,arima_auto_small,forecast_baseline,0.3125,0.12000000000000001,4,1,5,rolling_mean_4wk,test_preferred,rolling_mean_4wk,arima_auto_small,,,,,,,,False
2021-22,Overall,2021-22 / Overall,last_observed,forecast_baseline,0.3125,0.12000000000000001,4,1,5,rolling_mean_4wk,test_preferred,rolling_mean_4wk,arima_auto_small,,,,,,,,False
2021-22,Overall,2021-22 / Overall,validation_only_structure_selection,structure_discovery_ablation,0.3444449552139287,0.36540385168117656,5,5,10,rolling_mean_4wk,test_preferred,rolling_mean_4wk,arima_auto_small,SEIAR,True,I,0.0,validation_only,0.4420891887411234,val_mae,True
2021-22,Overall,2021-22 / Overall,delayed_observation_seir,epidemic_model,3.4259170778831276,0.4518730452809069,6,7,13,rolling_mean_4wk,test_preferred,rolling_mean_4wk,arima_auto_small,,,,,,,,True
2021-22,Overall,2021-22 / Overall,deterministic_seir,epidemic_model,3.6546531405171665,0.42360943657794736,7,6,13,rolling_mean_4wk,test_preferred,rolling_mean_4wk,arima_auto_small,,,,,,,,True
2022-23,0-4 yr,2022-23 / 0-4 yr,delayed_observation_seir,epidemic_model,0.07862983675748815,0.31763618987762654,1,6,7,rolling_mean_4wk,stability_preferred,delayed_observation_seir,rolling_mean_4wk,,,,,,,,True
2022-23,0-4 yr,2022-23 / 0-4 yr,arima_auto_small,forecast_baseline,0.08571428571428572,0.12307692307692307,2,2,4,rolling_mean_4wk,stability_preferred,delayed_observation_seir,rolling_mean_4wk,,,,,,,,False
2022-23,0-4 yr,2022-23 / 0-4 yr,last_observed,forecast_baseline,0.08571428571428572,0.12307692307692307,2,2,4,rolling_mean_4wk,stability_preferred,delayed_observation_seir,rolling_mean_4wk,,,,,,,,False
2022-23,0-4 yr,2022-23 / 0-4 yr,rolling_mean_4wk,forecast_baseline,0.11785714285714287,0.10769230769230768,3,1,4,rolling_mean_4wk,stability_preferred,delayed_observation_seir,rolling_mean_4wk,,,,,,,,False
2022-23,0-4 yr,2022-23 / 0-4 yr,validation_only_structure_selection,structure_discovery_ablation,0.1522459019910203,0.1736624391849508,4,3,7,rolling_mean_4wk,stability_preferred,delayed_observation_seir,rolling_mean_4wk,SEIAR,True,I,0.0,validation_only,0.13271006543363853,val_mae,True
2022-23,0-4 yr,2022-23 / 0-4 yr,no_observation_search_discovery,structure_discovery_ablation,0.16676264926148834,0.19628635422062032,5,4,9,rolling_mean_4wk,stability_preferred,delayed_observation_seir,rolling_mean_4wk,SIR,True,I,0.0,stability_aware,0.3780125058142962,multi_split_mean_mae + multi_split_penalty + stability_penalty + complexity_penalty + age_prior_penalty,True
2022-23,0-4 yr,2022-23 / 0-4 yr,deterministic_seir,epidemic_model,0.18189233180773165,0.6388272148727926,6,7,13,rolling_mean_4wk,stability_preferred,delayed_observation_seir,rolling_mean_4wk,,,,,,,,True
2022-23,0-4 yr,2022-23 / 0-4 yr,constrained_structure_discovery,structure_discovery,0.19975278861785398,0.2154351487305976,7,5,12,rolling_mean_4wk,stability_preferred,delayed_observation_seir,rolling_mean_4wk,SIR,False,I,0.0,stability_aware,0.37779340478929346,multi_split_mean_mae + multi_split_penalty + stability_penalty + complexity_penalty + age_prior_penalty,True
2022-23,>= 65 yr,2022-23 / >= 65 yr,arima_auto_small,forecast_baseline,0.1571428571428571,0.15384615384615388,1,1,2,arima_auto_small,consensus,arima_auto_small,arima_auto_small,,,,,,,,False
2022-23,>= 65 yr,2022-23 / >= 65 yr,last_observed,forecast_baseline,0.1571428571428571,0.15384615384615388,1,1,2,arima_auto_small,consensus,arima_auto_small,arima_auto_small,,,,,,,,False
2022-23,>= 65 yr,2022-23 / >= 65 yr,rolling_mean_4wk,forecast_baseline,0.28214285714285714,0.3230769230769231,2,2,4,arima_auto_small,consensus,arima_auto_small,arima_auto_small,,,,,,,,False
2022-23,>= 65 yr,2022-23 / >= 65 yr,validation_only_structure_selection,structure_discovery_ablation,0.39506152572461,0.47604485895829324,3,5,8,arima_auto_small,consensus,arima_auto_small,arima_auto_small,SEIAR,True,delayed_I,1.0,validation_only,0.26981622886100304,val_mae,True
2022-23,>= 65 yr,2022-23 / >= 65 yr,no_observation_search_discovery,structure_discovery_ablation,0.42807242830636666,0.47204363933377225,4,4,8,arima_auto_small,consensus,arima_auto_small,arima_auto_small,SIR,False,I,0.0,stability_aware,0.7658688889595147,multi_split_mean_mae + multi_split_penalty + stability_penalty + complexity_penalty + age_prior_penalty,True
2022-23,>= 65 yr,2022-23 / >= 65 yr,constrained_structure_discovery,structure_discovery,0.42914667277596225,0.46396393077194537,5,3,8,arima_auto_small,consensus,arima_auto_small,arima_auto_small,SEIHR,False,I+H,0.0,stability_aware,0.72909194385394,multi_split_mean_mae + multi_split_penalty + stability_penalty + complexity_penalty + age_prior_penalty,True
2022-23,>= 65 yr,2022-23 / >= 65 yr,delayed_observation_seir,epidemic_model,0.429701745167701,0.4888665234618526,6,6,12,arima_auto_small,consensus,arima_auto_small,arima_auto_small,,,,,,,,True
2022-23,>= 65 yr,2022-23 / >= 65 yr,deterministic_seir,epidemic_model,0.43364485682021814,2.826432232173634,7,7,14,arima_auto_small,consensus,arima_auto_small,arima_auto_small,,,,,,,,True
2022-23,Overall,2022-23 / Overall,rolling_mean_4wk,forecast_baseline,0.11071428571428572,0.10961538461538461,1,2,3,arima_auto_small,stability_preferred,rolling_mean_4wk,arima_auto_small,,,,,,,,False
2022-23,Overall,2022-23 / Overall,arima_auto_small,forecast_baseline,0.12857142857142856,0.04615384615384615,2,1,3,arima_auto_small,stability_preferred,rolling_mean_4wk,arima_auto_small,,,,,,,,False
2022-23,Overall,2022-23 / Overall,last_observed,forecast_baseline,0.12857142857142856,0.04615384615384615,2,1,3,arima_auto_small,stability_preferred,rolling_mean_4wk,arima_auto_small,,,,,,,,False
2022-23,Overall,2022-23 / Overall,deterministic_seir,epidemic_model,0.1363533026593482,0.17978979091005082,3,6,9,arima_auto_small,stability_preferred,rolling_mean_4wk,arima_auto_small,,,,,,,,True
2022-23,Overall,2022-23 / Overall,delayed_observation_seir,epidemic_model,0.15670162841816454,0.2908215119938288,4,7,11,arima_auto_small,stability_preferred,rolling_mean_4wk,arima_auto_small,,,,,,,,True
2022-23,Overall,2022-23 / Overall,validation_only_structure_selection,structure_discovery_ablation,0.16247605861585354,0.15282669960068881,5,3,8,arima_auto_small,stability_preferred,rolling_mean_4wk,arima_auto_small,SEIHR,False,I,0.0,validation_only,0.18793591190515122,val_mae,True
2022-23,Overall,2022-23 / Overall,constrained_structure_discovery,structure_discovery,0.16615297116848105,0.1578630418184788,6,4,10,arima_auto_small,stability_preferred,rolling_mean_4wk,arima_auto_small,SIR,False,delayed_I,1.0,stability_aware,0.3340003888799088,multi_split_mean_mae + multi_split_penalty + stability_penalty + complexity_penalty + age_prior_penalty,True
2022-23,Overall,2022-23 / Overall,no_observation_search_discovery,structure_discovery_ablation,0.17115818882183875,0.16008738899692387,7,5,12,arima_auto_small,stability_preferred,rolling_mean_4wk,arima_auto_small,SIR,False,I,0.0,stability_aware,0.3333072569658393,multi_split_mean_mae + multi_split_penalty + stability_penalty + complexity_penalty + age_prior_penalty,True
2023-24,0-4 yr,2023-24 / 0-4 yr,arima_auto_small,forecast_baseline,0.07272727272727274,0.12857142857142861,1,1,2,arima_auto_small,consensus,arima_auto_small,arima_auto_small,,,,,,,,False
2023-24,0-4 yr,2023-24 / 0-4 yr,last_observed,forecast_baseline,0.07272727272727274,0.12857142857142861,1,1,2,arima_auto_small,consensus,arima_auto_small,arima_auto_small,,,,,,,,False
2023-24,0-4 yr,2023-24 / 0-4 yr,rolling_mean_4wk,forecast_baseline,0.0931818181818182,0.1511904761904762,2,2,4,arima_auto_small,consensus,arima_auto_small,arima_auto_small,,,,,,,,False
2023-24,0-4 yr,2023-24 / 0-4 yr,deterministic_seir,epidemic_model,0.09514645577078279,0.19562237297935775,3,3,6,arima_auto_small,consensus,arima_auto_small,arima_auto_small,,,,,,,,True
2023-24,0-4 yr,2023-24 / 0-4 yr,validation_only_structure_selection,structure_discovery_ablation,0.09554365922891045,0.20142231281966425,4,4,8,arima_auto_small,consensus,arima_auto_small,arima_auto_small,SEIHR,False,H,0.0,validation_only,0.09747507090422078,val_mae,True
2023-24,0-4 yr,2023-24 / 0-4 yr,no_observation_search_discovery,structure_discovery_ablation,0.09728704424335953,0.20517309735549566,5,5,10,arima_auto_small,consensus,arima_auto_small,arima_auto_small,SEIRS,False,I,0.0,stability_aware,0.361062721563397,multi_split_mean_mae + multi_split_penalty + stability_penalty + complexity_penalty + age_prior_penalty,True
2023-24,0-4 yr,2023-24 / 0-4 yr,delayed_observation_seir,epidemic_model,0.1088363105827118,0.2138605937170767,6,6,12,arima_auto_small,consensus,arima_auto_small,arima_auto_small,,,,,,,,True
2023-24,0-4 yr,2023-24 / 0-4 yr,constrained_structure_discovery,structure_discovery,0.11450734843199416,0.2247716923550386,7,7,14,arima_auto_small,consensus,arima_auto_small,arima_auto_small,SEIRS,False,I,0.0,stability_aware,0.3712527385710773,multi_split_mean_mae + multi_split_penalty + stability_penalty + complexity_penalty + age_prior_penalty,True
2023-24,>= 65 yr,2023-24 / >= 65 yr,constrained_structure_discovery,structure_discovery,0.13238760810323208,0.2630156390409293,1,6,7,no_observation_search_discovery,balanced_tradeoff,constrained_structure_discovery,arima_auto_small,SEIR,False,I,0.0,stability_aware,0.5395439736463337,multi_split_mean_mae + multi_split_penalty + stability_penalty + complexity_penalty + age_prior_penalty,True
2023-24,>= 65 yr,2023-24 / >= 65 yr,no_observation_search_discovery,structure_discovery_ablation,0.1325219629986312,0.219393233164184,2,2,4,no_observation_search_discovery,balanced_tradeoff,constrained_structure_discovery,arima_auto_small,SEIHR,False,I,0.0,stability_aware,0.6246641722403785,multi_split_mean_mae + multi_split_penalty + stability_penalty + complexity_penalty + age_prior_penalty,True
2023-24,>= 65 yr,2023-24 / >= 65 yr,deterministic_seir,epidemic_model,0.1325830905826779,0.25742642211905487,3,5,8,no_observation_search_discovery,balanced_tradeoff,constrained_structure_discovery,arima_auto_small,,,,,,,,True
2023-24,>= 65 yr,2023-24 / >= 65 yr,rolling_mean_4wk,forecast_baseline,0.2659090909090909,0.24880952380952384,4,4,8,no_observation_search_discovery,balanced_tradeoff,constrained_structure_discovery,arima_auto_small,,,,,,,,False
2023-24,>= 65 yr,2023-24 / >= 65 yr,arima_auto_small,forecast_baseline,0.29090909090909084,0.14761904761904765,5,1,6,no_observation_search_discovery,balanced_tradeoff,constrained_structure_discovery,arima_auto_small,,,,,,,,False
2023-24,>= 65 yr,2023-24 / >= 65 yr,last_observed,forecast_baseline,0.29090909090909084,0.14761904761904765,5,1,6,no_observation_search_discovery,balanced_tradeoff,constrained_structure_discovery,arima_auto_small,,,,,,,,False
2023-24,>= 65 yr,2023-24 / >= 65 yr,validation_only_structure_selection,structure_discovery_ablation,0.30146062534550183,0.2746803674000506,6,7,13,no_observation_search_discovery,balanced_tradeoff,constrained_structure_discovery,arima_auto_small,SEIAR,True,I,0.0,validation_only,0.1468628591585484,val_mae,True
2023-24,>= 65 yr,2023-24 / >= 65 yr,delayed_observation_seir,epidemic_model,1.9270386336941998,0.2404407269177316,7,3,10,no_observation_search_discovery,balanced_tradeoff,constrained_structure_discovery,arima_auto_small,,,,,,,,True
2023-24,Overall,2023-24 / Overall,delayed_observation_seir,epidemic_model,0.03606405243802218,0.08900681027616464,1,5,6,deterministic_seir,balanced_tradeoff,delayed_observation_seir,arima_auto_small,,,,,,,,True
2023-24,Overall,2023-24 / Overall,deterministic_seir,epidemic_model,0.03657898393400238,0.0834604141261779,2,3,5,deterministic_seir,balanced_tradeoff,delayed_observation_seir,arima_auto_small,,,,,,,,True
2023-24,Overall,2023-24 / Overall,constrained_structure_discovery,structure_discovery,0.03791861932920407,0.1035287721880503,3,6,9,deterministic_seir,balanced_tradeoff,delayed_observation_seir,arima_auto_small,SEIR,False,I,0.0,stability_aware,0.333892273900839,multi_split_mean_mae + multi_split_penalty + stability_penalty + complexity_penalty + age_prior_penalty,True
2023-24,Overall,2023-24 / Overall,no_observation_search_discovery,structure_discovery_ablation,0.05824136132971061,0.08873239305088651,4,4,8,deterministic_seir,balanced_tradeoff,delayed_observation_seir,arima_auto_small,SIR,False,I,0.0,stability_aware,0.30652808700715917,multi_split_mean_mae + multi_split_penalty + stability_penalty + complexity_penalty + age_prior_penalty,True
2023-24,Overall,2023-24 / Overall,validation_only_structure_selection,structure_discovery_ablation,0.05909603210957737,0.13775498487180654,5,7,12,deterministic_seir,balanced_tradeoff,delayed_observation_seir,arima_auto_small,SEIAR,True,I,0.0,validation_only,0.05400139246635678,val_mae,True
2023-24,Overall,2023-24 / Overall,arima_auto_small,forecast_baseline,0.1,0.01904761904761905,6,1,7,deterministic_seir,balanced_tradeoff,delayed_observation_seir,arima_auto_small,,,,,,,,False
2023-24,Overall,2023-24 / Overall,last_observed,forecast_baseline,0.1,0.01904761904761905,6,1,7,deterministic_seir,balanced_tradeoff,delayed_observation_seir,arima_auto_small,,,,,,,,False
2023-24,Overall,2023-24 / Overall,rolling_mean_4wk,forecast_baseline,0.1,0.07380952380952381,6,2,8,deterministic_seir,balanced_tradeoff,delayed_observation_seir,arima_auto_small,,,,,,,,False
2024-25,0-4 yr,2024-25 / 0-4 yr,deterministic_seir,epidemic_model,0.2427564131140127,1.8574919402712693,1,5,6,no_observation_search_discovery,balanced_tradeoff,deterministic_seir,arima_auto_small,,,,,,,,True
2024-25,0-4 yr,2024-25 / 0-4 yr,constrained_structure_discovery,structure_discovery,0.2835517574633048,3.9280509781887223,2,7,9,no_observation_search_discovery,balanced_tradeoff,deterministic_seir,arima_auto_small,SEIHR,False,H,0.0,stability_aware,3.219694480088909,multi_split_mean_mae + multi_split_penalty + stability_penalty + complexity_penalty + age_prior_penalty,True
2024-25,0-4 yr,2024-25 / 0-4 yr,validation_only_structure_selection,structure_discovery_ablation,0.33425663835298935,1.795800348825931,3,3,6,no_observation_search_discovery,balanced_tradeoff,deterministic_seir,arima_auto_small,SEIAR,True,delayed_I,2.0,validation_only,1.4485736886746976,val_mae,True
2024-25,0-4 yr,2024-25 / 0-4 yr,no_observation_search_discovery,structure_discovery_ablation,0.33484437063341826,1.1965891660213992,4,2,6,no_observation_search_discovery,balanced_tradeoff,deterministic_seir,arima_auto_small,SIR,False,I,0.0,stability_aware,3.709515943592166,multi_split_mean_mae + multi_split_penalty + stability_penalty + complexity_penalty + age_prior_penalty,True
2024-25,0-4 yr,2024-25 / 0-4 yr,delayed_observation_seir,epidemic_model,0.39246502065052213,1.8429643219622507,5,4,9,no_observation_search_discovery,balanced_tradeoff,deterministic_seir,arima_auto_small,,,,,,,,True
2024-25,0-4 yr,2024-25 / 0-4 yr,arima_auto_small,forecast_baseline,1.9000000000000001,0.8692307692307695,6,1,7,no_observation_search_discovery,balanced_tradeoff,deterministic_seir,arima_auto_small,,,,,,,,False
2024-25,0-4 yr,2024-25 / 0-4 yr,last_observed,forecast_baseline,1.9000000000000001,0.8692307692307695,6,1,7,no_observation_search_discovery,balanced_tradeoff,deterministic_seir,arima_auto_small,,,,,,,,False
2024-25,0-4 yr,2024-25 / 0-4 yr,rolling_mean_4wk,forecast_baseline,3.1750000000000003,1.9692307692307696,7,6,13,no_observation_search_discovery,balanced_tradeoff,deterministic_seir,arima_auto_small,,,,,,,,False
2024-25,>= 65 yr,2024-25 / >= 65 yr,constrained_structure_discovery,structure_discovery,0.4567318072588326,24.265264162233777,1,7,8,deterministic_seir,balanced_tradeoff,constrained_structure_discovery,arima_auto_small,SEIR,False,delayed_I,2.0,stability_aware,14.488326944207726,multi_split_mean_mae + multi_split_penalty + stability_penalty + complexity_penalty + age_prior_penalty,True
2024-25,>= 65 yr,2024-25 / >= 65 yr,no_observation_search_discovery,structure_discovery_ablation,0.458893290874351,22.526088422260912,2,6,8,deterministic_seir,balanced_tradeoff,constrained_structure_discovery,arima_auto_small,SEIHR,True,I,0.0,stability_aware,11.079949559111435,multi_split_mean_mae + multi_split_penalty + stability_penalty + complexity_penalty + age_prior_penalty,True
2024-25,>= 65 yr,2024-25 / >= 65 yr,deterministic_seir,epidemic_model,0.5085115678165001,7.071618591490699,3,2,5,deterministic_seir,balanced_tradeoff,constrained_structure_discovery,arima_auto_small,,,,,,,,True
2024-25,>= 65 yr,2024-25 / >= 65 yr,delayed_observation_seir,epidemic_model,1.1121370768221548,19.118610984215415,4,5,9,deterministic_seir,balanced_tradeoff,constrained_structure_discovery,arima_auto_small,,,,,,,,True
2024-25,>= 65 yr,2024-25 / >= 65 yr,validation_only_structure_selection,structure_discovery_ablation,6.694885868100485,11.259777052459514,5,4,9,deterministic_seir,balanced_tradeoff,constrained_structure_discovery,arima_auto_small,SEIHR,False,I,0.0,validation_only,5.870486139099275,val_mae,True
2024-25,>= 65 yr,2024-25 / >= 65 yr,arima_auto_small,forecast_baseline,8.385714285714286,3.3153846153846156,6,1,7,deterministic_seir,balanced_tradeoff,constrained_structure_discovery,arima_auto_small,,,,,,,,False
2024-25,>= 65 yr,2024-25 / >= 65 yr,last_observed,forecast_baseline,8.385714285714286,3.3153846153846156,6,1,7,deterministic_seir,balanced_tradeoff,constrained_structure_discovery,arima_auto_small,,,,,,,,False
2024-25,>= 65 yr,2024-25 / >= 65 yr,rolling_mean_4wk,forecast_baseline,15.385714285714288,8.038461538461538,7,3,10,deterministic_seir,balanced_tradeoff,constrained_structure_discovery,arima_auto_small,,,,,,,,False
2024-25,Overall,2024-25 / Overall,deterministic_seir,epidemic_model,0.5824661333230398,2.410025768835765,1,5,6,arima_auto_small,stability_preferred,deterministic_seir,arima_auto_small,,,,,,,,True
2024-25,Overall,2024-25 / Overall,no_observation_search_discovery,structure_discovery_ablation,0.6123457293976396,1.269303986645228,2,4,6,arima_auto_small,stability_preferred,deterministic_seir,arima_auto_small,SIR,False,I,0.0,stability_aware,3.8912448061356164,multi_split_mean_mae + multi_split_penalty + stability_penalty + complexity_penalty + age_prior_penalty,True
2024-25,Overall,2024-25 / Overall,constrained_structure_discovery,structure_discovery,1.0302917209127764,3.5239694883168786,3,7,10,arima_auto_small,stability_preferred,deterministic_seir,arima_auto_small,SEIHR,True,H,0.0,stability_aware,3.898798681190181,multi_split_mean_mae + multi_split_penalty + stability_penalty + complexity_penalty + age_prior_penalty,True
2024-25,Overall,2024-25 / Overall,delayed_observation_seir,epidemic_model,2.3235013957324697,1.1867519490831335,4,3,7,arima_auto_small,stability_preferred,deterministic_seir,arima_auto_small,,,,,,,,True
2024-25,Overall,2024-25 / Overall,arima_auto_small,forecast_baseline,2.5,1.0230769230769232,5,1,6,arima_auto_small,stability_preferred,deterministic_seir,arima_auto_small,,,,,,,,False
2024-25,Overall,2024-25 / Overall,last_observed,forecast_baseline,2.5,1.0230769230769232,5,1,6,arima_auto_small,stability_preferred,deterministic_seir,arima_auto_small,,,,,,,,False
2024-25,Overall,2024-25 / Overall,rolling_mean_4wk,forecast_baseline,4.625000000000001,2.5249999999999995,6,6,12,arima_auto_small,stability_preferred,deterministic_seir,arima_auto_small,,,,,,,,False
2024-25,Overall,2024-25 / Overall,validation_only_structure_selection,structure_discovery_ablation,7.76209988928583,1.0892183846113974,7,2,9,arima_auto_small,stability_preferred,deterministic_seir,arima_auto_small,SEIAR,True,delayed_I,3.0,validation_only,1.0016767928425716,val_mae,True
